District,State_UT,Foreign_Visitors,Total_Visitors,Foreign_Visitor_Share_Pct,Hotels_Per_100k_Visitors
Darjeeling,West Bengal,606501,8516184,7.12,4.39
Thiruvananthapuram,Kerala,587392,10539038,5.57,1.4
Kutch,Gujarat,558020,6932193,8.05,2.12
Jaipur,Rajasthan,557734,7620410,7.32,0.66
Chennai,Tamil Nadu,548640,8030185,6.83,4.97
Ernakulam,Kerala,510417,2542512,20.08,8.46
Madurai,Tamil Nadu,509368,5371503,9.48,0.82
Srinagar,Jammu & Kashmir,429450,8208080,5.23,6.65
Puri,Odisha,425218,2837080,14.99,17.84
Gaya,Bihar,384342,4847491,7.93,13.35
