Airport_IATA,Airport_Name,City,Annual_Passengers,Intl_Share_Pct,Avg_Flight_Load
DEL,Indira Gandhi International,Delhi,95740525,28.1,154.7
BOM,Chhatrapati Shivaji Maharaj,Mumbai,80270810,27.4,152.5
BLR,Kempegowda International,Bengaluru,57778730,23.3,155.2
MAA,Chennai International,Chennai,43006225,30.1,159.1
HYD,Rajiv Gandhi International,Hyderabad,35900740,21.4,151.9
CCU,Netaji Subhas Chandra Bose,Kolkata,33829153,20.1,151.5
COK,Cochin International,Kochi,25413943,48.4,155.6
AMD,Sardar Vallabhbhai Patel,Ahmedabad,21035002,21.6,158.9
GOI,Dabolim Airport,Dabolim,14517812,16.8,153.8
TRV,Thiruvananthapuram International,Thiruvananthapuram,11028738,46.0,153.1
