Country_of_Nationality,Region,FTA_2022,FTA_2023,FTA_2024,Growth_2023_over_2022_Pct,Growth_2024_over_2023_Pct,Market_Share_2024_Pct,FTA_2025,FTA_2026,Growth_2025_over_2024_Pct,Growth_2026_over_2025_Pct,Market_Share_2026_Pct
USA,Americas,931254,1456789,1804586,56.43,23.87,18.13,1953415,2113471,8.25,8.19,16.94
Bangladesh,South Asia,823456,1534512,1750165,86.35,14.06,17.59,1955009,2100762,11.7,7.46,16.83
UK,Europe,612341,978234,1022587,59.72,4.53,10.28,1128854,1282855,10.39,13.64,10.28
Australia,Oceania,298765,467234,518205,56.38,10.91,5.21,567911,646052,9.59,13.76,5.18
Canada,Americas,245678,389012,476273,58.35,22.44,4.79,509308,573780,6.94,12.66,4.6
Germany,Europe,178901,289012,312456,61.55,8.11,3.14,334128,364642,6.94,9.13,2.92
France,Europe,156789,256234,279012,63.43,8.89,2.8,296725,319524,6.35,7.68,2.56
Nepal,South Asia,167890,267890,298901,59.57,11.58,3.0,332369,371554,11.2,11.79,2.98
Malaysia,South-East Asia,134512,214567,245678,59.52,14.5,2.47,269280,296426,9.61,10.08,2.38
Sri Lanka,South Asia,112345,189012,214567,68.25,13.52,2.16,236557,255137,10.25,7.85,2.04
UAE,West Asia,112345,178901,205678,59.26,14.97,2.07,218273,241118,6.12,10.47,1.93
Russia,Europe,89012,145678,167890,63.66,15.25,1.69,187734,201327,11.82,7.24,1.61
Japan,East Asia,78901,134512,156789,70.48,16.56,1.58,174027,197286,10.99,13.37,1.58
Singapore,South-East Asia,78901,124567,145678,57.88,16.95,1.46,156275,170045,7.27,8.81,1.36
South Korea,East Asia,67890,112345,134567,65.48,19.78,1.35,144109,160880,7.09,11.64,1.29
Italy,Europe,89012,143456,167890,61.16,17.03,1.69,179811,196321,7.1,9.18,1.57
Thailand,South-East Asia,67890,109012,127890,60.57,17.32,1.29,137898,152571,7.83,10.64,1.22
Netherlands,Europe,67890,109012,127345,60.57,16.82,1.28,138995,154044,9.15,10.83,1.23
Saudi Arabia,West Asia,56789,89012,105678,56.73,18.72,1.06,114758,124276,8.59,8.29,1.0
Switzerland,Europe,56789,89012,103456,56.73,16.23,1.04,111471,126840,7.75,13.79,1.02
Philippines,South-East Asia,45678,73456,87890,60.83,19.66,0.88,96390,108367,9.67,12.43,0.87
Israel,West Asia,45678,73456,86789,60.83,18.15,0.87,92723,105312,6.84,13.58,0.84
South Africa,Africa,34512,56789,67890,64.54,19.55,0.68,73153,82856,7.75,13.26,0.66
New Zealand,Oceania,34567,56789,67890,64.31,19.55,0.68,73456,81672,8.2,11.18,0.65
Indonesia,South-East Asia,34567,54512,64789,57.7,18.85,0.65,70449,79927,8.74,13.45,0.64
Brazil,Americas,23456,38901,45678,65.86,17.42,0.46,50571,54424,10.71,7.62,0.44
Mexico,Americas,18901,31234,37890,65.25,21.31,0.38,40617,44017,7.2,8.37,0.35
China,East Asia,12456,23456,34567,88.27,47.37,0.35,37708,40467,9.09,7.32,0.32
Kenya,Africa,12345,19678,23456,59.39,19.2,0.24,25697,28081,9.55,9.28,0.23
Pakistan,South Asia,0,0,0,0.0,0.0,0.0,0,0,0.0,0.0,0.0
Others,Mixed,812345,1256789,1512345,54.72,20.33,15.2,1658215,1805787,9.65,8.9,14.47
