State_UT,Region,Domestic_Visitors_2022,Domestic_Visitors_2023,Domestic_YoY_Growth_Pct,Foreign_Visitors_2022,Foreign_Visitors_2023,Foreign_YoY_Growth_Pct,Total_Visitors_2023,Foreign_Visitor_Share_2023_Pct,Domestic_Visitors_2024,Domestic_Visitors_2025,Domestic_Visitors_2026,Foreign_Visitors_2024,Foreign_Visitors_2025,Foreign_Visitors_2026,Total_Visitors_2026,Foreign_Visitor_Share_2026_Pct
Uttar Pradesh,North,411200000,478500000,16.37,648986,1601503,146.77,480101503,0.33,544538563,583348347,645851489,1902195,2107856,2411473,648262962,0.37
Tamil Nadu,South,182300000,286000000,56.89,407126,1174899,188.64,287174899,0.41,316022202,339848560,365731476,1317836,1519571,1680510,367411986,0.46
Andhra Pradesh,South,148600000,210400000,41.59,312456,867890,177.78,211267890,0.41,231369603,247929063,269235970,1016481,1118541,1209235,270445205,0.45
Karnataka,South,163400000,205600000,25.83,623456,1023456,64.14,206623456,0.5,229858482,253262792,277360987,1169452,1301442,1490128,278851115,0.53
Maharashtra,West,138900000,178900000,28.8,523456,1189012,127.15,180089012,0.66,194976794,211689776,228239996,1408405,1611073,1788247,230028243,0.78
Rajasthan,West,89100000,179000000,100.9,396684,1699869,328.53,180699869,0.94,203371528,222778975,246970344,1933493,2233864,2563729,249534073,1.03
Madhya Pradesh,Central,87300000,134500000,54.06,189012,456789,141.66,134956789,0.34,145961894,162802733,180405349,543165,625811,718089,181123438,0.4
Telangana,South,97800000,123400000,26.17,189012,389012,105.81,123789012,0.31,141796729,153489941,164631640,450738,503899,574299,165205939,0.35
West Bengal,East,89200000,112400000,26.01,345678,689012,99.32,113089012,0.61,127468022,139006319,150802732,836235,967502,1064844,151867576,0.7
Gujarat,West,76500000,112300000,46.8,167890,412345,145.6,112712345,0.37,122846104,136086157,146298595,467497,523120,579071,146877666,0.39
Bihar,East,43200000,67800000,56.94,67890,189012,178.41,67989012,0.28,73250208,79215698,85096832,218140,245633,279918,85376750,0.33
Chhattisgarh,Central,39800000,56700000,42.46,34512,78901,128.62,56778901,0.14,64472566,69233800,73515519,89264,103521,114099,73629618,0.15
Haryana,North,42300000,55600000,31.44,34512,89012,157.92,55689012,0.16,62799089,68104832,74266836,107924,124325,135746,74402582,0.18
Odisha,East,32100000,45600000,42.06,89012,212345,138.56,45812345,0.46,51574991,55600990,60334522,256456,299525,335161,60669683,0.55
Jharkhand,East,31200000,45600000,46.15,45678,112345,145.96,45712345,0.25,51709895,57733316,61345917,128724,148368,169960,61515877,0.28
Punjab,North,32400000,43200000,33.33,156789,289012,84.33,43489012,0.66,46879911,52055735,55904336,342768,392629,443169,56347505,0.79
Uttarakhand,North,35600000,41200000,15.73,89012,167890,88.61,41367890,0.41,45529815,50158840,55446249,201757,223445,250237,55696486,0.45
Delhi,North,23400000,31200000,33.33,1023456,1867890,82.51,33067890,5.65,33949058,37804755,40525869,2195742,2479909,2695171,43221040,6.24
Assam,North-East,18900000,27300000,44.44,67890,134567,98.22,27434567,0.49,31133391,34563780,36888013,157842,176975,198752,37086765,0.54
Kerala,South,18900000,24500000,29.63,467890,856234,82.99,25356234,3.38,27528956,29712787,32222705,979690,1096782,1260536,33483241,3.76
Himachal Pradesh,North,15300000,21400000,39.87,156789,345678,120.48,21745678,1.59,23607685,26313786,29189423,390378,459803,501096,29690519,1.69
Jammu & Kashmir,North,16700000,21300000,27.54,156789,312345,99.21,21612345,1.45,23098766,25338587,27165569,377850,427518,477231,27642800,1.73
Goa,West,8900000,12300000,38.2,456789,756234,65.57,13056234,5.79,13551756,15047491,16456038,915075,1071886,1223468,17679506,6.92
Puducherry,South,6700000,9200000,37.31,56789,89012,56.74,9289012,0.96,10145418,11310158,12419469,105329,121180,137158,12556627,1.09
Meghalaya,North-East,2890000,4100000,41.87,89012,167890,88.61,4267890,3.93,4637397,5035750,5397729,193729,225420,254452,5652181,4.5
Tripura,North-East,2340000,3200000,36.75,34512,67890,96.71,3267890,2.08,3598813,3870533,4243694,78408,89402,100950,4344644,2.32
Chandigarh,North,2300000,3100000,34.78,23456,45678,94.75,3145678,1.45,3540525,3828712,4128842,54475,62437,69003,4197845,1.64
Dadra Nagar & Daman Diu,West,2100000,2890000,37.62,23456,34512,47.14,2924512,1.18,3216729,3510595,3832219,41750,47570,52353,3884572,1.35
Sikkim,North-East,1023000,1456000,42.32,112345,189012,68.24,1645012,11.49,1584669,1760410,1921798,228460,254874,289704,2211502,13.1
Arunachal Pradesh,North-East,923000,1340000,45.18,23456,45678,94.75,1385678,3.3,1514102,1685251,1831512,54722,63357,72018,1903530,3.78
Ladakh,North,890000,1200000,34.83,34512,67890,96.71,1267890,5.35,1359906,1455572,1549477,80396,90241,102937,1652414,6.23
Manipur,North-East,523000,789000,50.86,7234,12345,70.65,801345,1.54,883119,967490,1065947,13930,15350,17559,1083506,1.62
Andaman & Nicobar,Islands,456000,678000,48.68,23456,45678,94.75,723678,6.31,768830,838694,902467,51898,59768,66689,969156,6.88
Mizoram,North-East,312000,456000,46.15,6789,11234,65.48,467234,2.4,508242,549463,587555,13592,15144,16887,604442,2.79
Nagaland,North-East,189000,267000,41.27,8901,15678,76.14,282678,5.55,298130,320786,340687,18510,21754,24710,365397,6.76
Lakshadweep,Islands,34000,52000,52.94,5678,9012,58.74,61012,14.77,57716,62730,68347,10102,11883,13374,81721,16.37
