District,State_UT,Year,Domestic_Visitors,Foreign_Visitors,Total_Visitors,Tourism_Category,Registered_Hotels_Count,Avg_Stay_Duration_Days,Tourist_Police_Station_Available,Reported_Tourist_Complaints,Foreign_Visitor_Share_Pct,Hotels_Per_100k_Visitors,Complaints_Per_100k_Visitors,Estimated_Visitor_Days,Nidhi_Total_Properties,Nidhi_Total_Rooms,Nidhi_Avg_Min_Tariff_INR,Nidhi_Star_Hotels_Count,ASI_Total_Monuments,ASI_UNESCO_Sites,ASI_Total_Footfall_2026,Visitors_Per_Hotel_Room
Agra,Uttar Pradesh,2026,2676544,63106,2739650,Business_Urban,401,4.0,Yes,27,2.3,14.64,0.99,10958600,0,0,,0,1,0,121579,
Varanasi,Uttar Pradesh,2026,4429211,158230,4587441,Nature_Eco,344,2.4,Yes,0,3.45,7.5,0.0,11009858,1,12,2500.0,0,2,1,610768,382286.8
Lucknow,Uttar Pradesh,2026,361295,2047,363342,Business_Urban,25,1.5,Yes,1,0.56,6.88,0.28,545013,2,19,2500.0,0,1,0,127666,19123.3
Prayagraj,Uttar Pradesh,2026,777154,6849,784003,Religious,54,2.6,No,8,0.87,6.89,1.02,2038408,1,13,3500.0,1,0,0,,60307.9
Ayodhya,Uttar Pradesh,2026,739242,438,739680,Nature_Eco,30,3.9,No,0,0.06,4.06,0.0,2884752,0,0,,0,2,1,361252,
Mathura,Uttar Pradesh,2026,527619,7299,534918,Heritage,42,2.6,No,7,1.36,7.85,1.31,1390787,1,54,3500.0,1,0,0,,9905.9
Jhansi,Uttar Pradesh,2026,357223,7283,364506,Heritage,71,2.7,Yes,3,2.0,19.48,0.82,984166,2,24,1350.0,0,1,1,504503,15187.8
Gorakhpur,Uttar Pradesh,2026,197866,8377,206243,Heritage,74,2.8,No,0,4.06,35.88,0.0,577480,2,86,6400.0,1,1,0,129644,2398.2
Bareilly,Uttar Pradesh,2026,1129964,4116,1134080,Heritage,71,3.8,No,8,0.36,6.26,0.71,4309504,1,6,1500.0,0,0,0,,189013.3
Aligarh,Uttar Pradesh,2026,128281,1991,130272,Religious,22,4.3,No,1,1.53,16.89,0.77,560170,1,55,3500.0,1,1,0,132071,2368.6
Meerut,Uttar Pradesh,2026,714368,5530,719898,Heritage,57,3.1,No,4,0.77,7.92,0.56,2231684,2,209,4500.0,1,2,1,271798,3444.5
Moradabad,Uttar Pradesh,2026,733952,1266,735218,Hill_Station,94,1.6,No,0,0.17,12.79,0.0,1176349,3,178,2900.0,1,1,0,129741,4130.4
Saharanpur,Uttar Pradesh,2026,340087,2495,342582,Nature_Eco,83,4.2,No,7,0.73,24.23,2.04,1438844,1,133,5000.0,1,2,1,1034889,2575.8
Firozabad,Uttar Pradesh,2026,457139,5298,462437,Nature_Eco,96,2.5,No,3,1.15,20.76,0.65,1156092,0,0,,0,1,0,143803,
Muzaffarnagar,Uttar Pradesh,2026,108507,235,108742,Nature_Eco,85,3.4,No,8,0.22,78.17,7.36,369723,1,268,7500.0,1,1,0,81571,405.8
Budaun,Uttar Pradesh,2026,54401,4701,59102,Wildlife,91,3.0,No,1,7.95,153.97,1.69,177306,0,0,,0,1,0,1068303,
Rampur,Uttar Pradesh,2026,581565,4135,585700,Beach,65,3.1,Yes,8,0.71,11.1,1.37,1815670,1,3,1500.0,0,0,0,,195233.3
Shahjahanpur,Uttar Pradesh,2026,1116759,9296,1126055,Beach,108,2.4,No,0,0.83,9.59,0.0,2702532,3,235,3566.6666666666665,3,0,0,,4791.7
Kheri,Uttar Pradesh,2026,603087,626,603713,Wildlife,113,1.6,No,0,0.1,18.72,0.0,965941,0,0,,0,1,0,139026,
Sitapur,Uttar Pradesh,2026,785284,759,786043,Beach,74,2.5,Yes,0,0.1,9.41,0.0,1965108,2,15,1200.0,0,1,0,140034,52402.9
Hardoi,Uttar Pradesh,2026,100419,4601,105020,Wildlife,94,4.5,No,3,4.38,89.51,2.86,472590,0,0,,0,2,0,250813,
Unnao,Uttar Pradesh,2026,946488,2698,949186,Heritage,84,2.7,No,3,0.28,8.85,0.32,2562802,3,63,2600.0,1,0,0,,15066.4
Raebareli,Uttar Pradesh,2026,172946,10694,183640,Wildlife,72,3.4,No,1,5.82,39.21,0.54,624376,0,0,,0,1,0,123195,
Farrukhabad,Uttar Pradesh,2026,353598,5843,359441,Nature_Eco,86,3.6,Yes,4,1.63,23.93,1.11,1293988,1,217,5000.0,1,2,0,232929,1656.4
Kannauj,Uttar Pradesh,2026,530459,522,530981,Religious,29,1.5,No,3,0.1,5.46,0.56,796472,0,0,,0,3,0,372146,
Etawah,Uttar Pradesh,2026,756027,4984,761011,Heritage,63,2.2,Yes,7,0.65,8.28,0.92,1674224,1,305,7500.0,1,0,0,,2495.1
Mainpuri,Uttar Pradesh,2026,966642,5968,972610,Heritage,93,2.8,No,5,0.61,9.56,0.51,2723308,2,18,1750.0,0,0,0,,54033.9
Banda,Uttar Pradesh,2026,393648,0,393648,Hill_Station,99,1.6,No,2,0.0,25.15,0.51,629837,1,7,1200.0,0,1,0,140034,56235.4
Hamirpur,Uttar Pradesh,2026,612677,6964,619641,Nature_Eco,63,3.1,No,1,1.12,10.17,0.16,1920887,2,11,800.0,0,1,1,820630,56331.0
Mahoba,Uttar Pradesh,2026,846352,5157,851509,Heritage,58,4.2,Yes,4,0.61,6.81,0.47,3576338,1,12,1200.0,0,1,0,152157,70959.1
Lalitpur,Uttar Pradesh,2026,1124291,8124,1132415,Wildlife,77,1.2,Yes,6,0.72,6.8,0.53,1358898,1,19,2200.0,0,0,0,,59600.8
Fatehpur,Uttar Pradesh,2026,1109986,3605,1113591,Business_Urban,16,4.0,No,7,0.32,1.44,0.63,4454364,2,427,7750.0,2,1,0,33379,2607.9
Pratapgarh,Uttar Pradesh,2026,710518,0,710518,Wildlife,64,2.3,No,8,0.0,9.01,1.13,1634191,0,0,,0,1,0,5288,
Kaushambi,Uttar Pradesh,2026,877779,4287,882066,Beach,26,3.5,No,7,0.49,2.95,0.79,3087231,1,10,1200.0,0,3,0,1736591,88206.6
Mirzapur,Uttar Pradesh,2026,385953,8288,394241,Heritage,102,3.5,Yes,0,2.1,25.87,0.0,1379844,2,14,2250.0,0,1,1,699559,28160.1
Sonbhadra,Uttar Pradesh,2026,1128966,8676,1137642,Nature_Eco,25,2.9,No,6,0.76,2.2,0.53,3299162,1,34,5000.0,1,3,0,81088,33460.1
Bhadohi,Uttar Pradesh,2026,1097126,2284,1099410,Wildlife,16,3.5,No,0,0.21,1.46,0.0,3847935,0,0,,0,2,0,207999,
Jaunpur,Uttar Pradesh,2026,424231,2633,426864,Heritage,71,4.2,Yes,0,0.62,16.63,0.0,1792829,1,14,1500.0,0,1,0,124287,30490.3
Ghazipur,Uttar Pradesh,2026,540704,7296,548000,Business_Urban,35,2.3,No,0,1.33,6.39,0.0,1260400,2,480,6250.0,2,0,0,,1141.7
Ballia,Uttar Pradesh,2026,1192025,2894,1194919,Nature_Eco,38,3.6,Yes,0,0.24,3.18,0.0,4301708,0,0,,0,1,0,129644,
Mau,Uttar Pradesh,2026,703444,9541,712985,Heritage,75,3.7,No,5,1.34,10.52,0.7,2638044,1,4,800.0,0,0,0,,178246.2
Deoria,Uttar Pradesh,2026,650625,2256,652881,Wildlife,53,2.7,No,4,0.35,8.12,0.61,1762779,2,28,1150.0,0,1,0,614094,23317.2
Kushinagar,Uttar Pradesh,2026,179045,4965,184010,Nature_Eco,73,4.3,No,6,2.7,39.67,3.26,791243,2,316,7100.0,1,0,0,,582.3
Mahrajganj,Uttar Pradesh,2026,246146,843,246989,Heritage,71,3.8,No,4,0.34,28.75,1.62,938558,2,280,3100.0,1,3,1,4475421,882.1
Basti,Uttar Pradesh,2026,947763,7069,954832,Business_Urban,35,4.1,No,0,0.74,3.67,0.0,3914811,2,134,5500.0,2,3,0,239661,7125.6
Siddharthnagar,Uttar Pradesh,2026,78874,1872,80746,Beach,88,1.8,No,8,2.32,108.98,9.91,145343,1,208,12000.0,1,0,0,,388.2
Gonda,Uttar Pradesh,2026,313174,8262,321436,Hill_Station,102,1.3,No,0,2.57,31.73,0.0,417867,1,6,800.0,0,0,0,,53572.7
Balrampur,Uttar Pradesh,2026,706515,0,706515,Nature_Eco,81,1.7,No,5,0.0,11.46,0.71,1201076,0,0,,0,1,0,25048,
Shrawasti,Uttar Pradesh,2026,163046,3913,166959,Business_Urban,35,3.7,Yes,2,2.34,20.96,1.2,617748,1,156,7500.0,1,0,0,,1070.2
Bahraich,Uttar Pradesh,2026,162851,0,162851,Nature_Eco,52,4.4,Yes,2,0.0,31.93,1.23,716544,2,71,4750.0,1,1,0,96907,2293.7
Barabanki,Uttar Pradesh,2026,165159,2395,167554,Religious,90,3.2,Yes,3,1.43,53.71,1.79,536173,1,207,5000.0,1,0,0,,809.4
Sultanpur,Uttar Pradesh,2026,1144911,4391,1149302,Nature_Eco,87,4.2,No,3,0.38,7.57,0.26,4827068,1,315,5000.0,1,1,0,165137,3648.6
Amethi,Uttar Pradesh,2026,682816,789,683605,Wildlife,64,3.0,No,8,0.12,9.36,1.17,2050815,0,0,,0,1,0,70568,
Bijnor,Uttar Pradesh,2026,208457,5534,213991,Beach,19,3.0,No,0,2.59,8.88,0.0,641973,1,110,12000.0,1,0,0,,1945.4
Amroha,Uttar Pradesh,2026,707088,0,707088,Wildlife,60,4.3,No,7,0.0,8.49,0.99,3040478,0,0,,0,0,0,,
Sambhal,Uttar Pradesh,2026,479282,4930,484212,Heritage,54,2.7,Yes,1,1.02,11.15,0.21,1307372,1,294,5000.0,1,2,0,326144,1647.0
Hapur,Uttar Pradesh,2026,577955,0,577955,Business_Urban,36,4.2,No,2,0.0,6.23,0.35,2427411,2,219,4500.0,1,0,0,,2639.1
Shamli,Uttar Pradesh,2026,233905,9554,243459,Heritage,71,2.8,No,4,3.92,29.16,1.64,681685,2,24,2000.0,0,0,0,,10144.1
Baghpat,Uttar Pradesh,2026,407485,5218,412703,Wildlife,48,3.3,No,3,1.26,11.63,0.73,1361920,0,0,,0,1,0,140034,
Bulandshahr,Uttar Pradesh,2026,227983,10842,238825,Wildlife,64,3.0,No,2,4.54,26.8,0.84,716475,1,17,2200.0,0,0,0,,14048.5
Kasganj,Uttar Pradesh,2026,1060585,4263,1064848,Wildlife,33,1.6,No,2,0.4,3.1,0.19,1703757,1,58,12000.0,1,1,0,681881,18359.4
Hathras,Uttar Pradesh,2026,851518,7302,858820,Business_Urban,87,2.7,No,7,0.85,10.13,0.82,2318814,0,0,,0,1,0,765375,
Kanpur Nagar,Uttar Pradesh,2026,523908,7386,531294,Religious,54,1.8,Yes,4,1.39,10.16,0.75,956329,0,0,,0,1,0,129644,
Kanpur Dehat,Uttar Pradesh,2026,88006,0,88006,Beach,74,2.6,No,1,0.0,84.09,1.14,228816,0,0,,0,1,0,67733,
Jalaun,Uttar Pradesh,2026,684152,6374,690526,Beach,91,4.3,No,4,0.92,13.18,0.58,2969262,0,0,,0,1,0,129644,
Chitrakoot,Uttar Pradesh,2026,490412,10906,501318,Hill_Station,52,3.8,Yes,1,2.18,10.37,0.2,1905008,1,64,5000.0,1,1,0,147597,7833.1
Chandauli,Uttar Pradesh,2026,78351,9064,87415,Religious,107,3.3,No,3,10.37,122.4,3.43,288470,1,241,12000.0,1,0,0,,362.7
Sant Kabir Nagar,Uttar Pradesh,2026,805908,6572,812480,Nature_Eco,102,2.7,No,8,0.81,12.55,0.98,2193696,1,265,5000.0,1,0,0,,3066.0
Chennai,Tamil Nadu,2026,7481545,548640,8030185,Nature_Eco,399,4.0,Yes,18,6.83,4.97,0.22,32120740,3,112,2833.3333333333335,1,1,0,87947,71698.1
Madurai,Tamil Nadu,2026,4862135,509368,5371503,Nature_Eco,44,4.0,Yes,6,9.48,0.82,0.11,21486012,1,11,1500.0,0,0,0,,488318.5
Coimbatore,Tamil Nadu,2026,449166,10821,459987,Nature_Eco,36,2.9,No,5,2.35,7.83,1.09,1333962,4,492,3550.0,2,2,0,1243850,934.9
Tiruchirappalli,Tamil Nadu,2026,66571,5722,72293,Religious,59,2.0,No,5,7.92,81.61,6.92,144586,4,370,6750.0,2,0,0,,195.4
Salem,Tamil Nadu,2026,912506,10297,922803,Beach,104,3.4,No,7,1.12,11.27,0.76,3137530,2,49,2100.0,1,0,0,,18832.7
Tirunelveli,Tamil Nadu,2026,137675,0,137675,Wildlife,20,3.8,Yes,6,0.0,14.53,4.36,523165,0,0,,0,0,0,,
Thanjavur,Tamil Nadu,2026,575276,8512,583788,Nature_Eco,104,2.7,No,1,1.46,17.81,0.17,1576228,1,260,12000.0,1,1,0,17995,2245.3
Kancheepuram,Tamil Nadu,2026,1169069,551,1169620,Heritage,23,2.1,Yes,6,0.05,1.97,0.51,2456202,0,0,,0,2,0,1422328,
Vellore,Tamil Nadu,2026,411277,0,411277,Nature_Eco,106,3.9,No,0,0.0,25.77,0.0,1603980,2,53,2150.0,1,3,0,228374,7759.9
Dindigul,Tamil Nadu,2026,582756,3113,585869,Beach,47,2.1,No,1,0.53,8.02,0.17,1230325,0,0,,0,3,0,301337,
Ramanathapuram,Tamil Nadu,2026,1028931,5653,1034584,Business_Urban,103,1.9,No,6,0.55,9.96,0.58,1965710,4,394,5425.0,2,1,0,987353,2625.8
Kanyakumari,Tamil Nadu,2026,251889,5190,257079,Nature_Eco,44,2.9,No,0,2.02,17.12,0.0,745529,1,33,3500.0,1,0,0,,7790.3
Nilgiris,Tamil Nadu,2026,1210584,1747,1212331,Religious,16,4.1,No,3,0.14,1.32,0.25,4970557,1,11,2000.0,0,3,1,777522,110211.9
Cuddalore,Tamil Nadu,2026,709834,7515,717349,Hill_Station,63,2.7,No,1,1.05,8.78,0.14,1936842,1,22,5000.0,1,1,0,132071,32606.8
Nagapattinam,Tamil Nadu,2026,114658,11184,125842,Hill_Station,26,3.8,Yes,0,8.89,20.66,0.0,478200,1,5,2000.0,0,2,0,264061,25168.4
Erode,Tamil Nadu,2026,479863,0,479863,Business_Urban,22,3.8,No,2,0.0,4.58,0.42,1823479,0,0,,0,1,0,898798,
Tiruppur,Tamil Nadu,2026,567675,2638,570313,Business_Urban,58,2.3,No,0,0.46,10.17,0.0,1311720,1,201,12000.0,1,1,0,13658,2837.4
Namakkal,Tamil Nadu,2026,392510,3901,396411,Hill_Station,36,3.8,No,2,0.98,9.08,0.5,1506362,1,7,2000.0,0,2,0,1307994,56630.1
Dharmapuri,Tamil Nadu,2026,472006,4241,476247,Nature_Eco,34,1.7,Yes,0,0.89,7.14,0.0,809620,1,232,7500.0,1,1,0,132071,2052.8
Krishnagiri,Tamil Nadu,2026,1109259,10431,1119690,Wildlife,51,1.8,No,6,0.93,4.55,0.54,2015442,2,36,3500.0,1,1,0,147597,31102.5
Tiruvannamalai,Tamil Nadu,2026,502642,9392,512034,Wildlife,28,3.0,No,7,1.83,5.47,1.37,1536102,1,181,7500.0,1,2,0,1116104,2828.9
Viluppuram,Tamil Nadu,2026,141315,2736,144051,Nature_Eco,44,2.8,No,0,1.9,30.54,0.0,403343,1,17,5000.0,1,0,0,,8473.6
Perambalur,Tamil Nadu,2026,336544,1590,338134,Religious,81,2.2,No,2,0.47,23.96,0.59,743895,6,529,4633.333333333333,4,2,0,820000,639.2
Ariyalur,Tamil Nadu,2026,606663,3464,610127,Hill_Station,68,3.5,Yes,1,0.57,11.15,0.16,2135444,2,12,1400.0,0,1,0,147597,50843.9
Karur,Tamil Nadu,2026,105751,5634,111385,Hill_Station,51,3.7,Yes,5,5.06,45.79,4.49,412124,2,32,1850.0,0,1,1,2153225,3480.8
Pudukkottai,Tamil Nadu,2026,1127034,0,1127034,Wildlife,33,4.5,No,8,0.0,2.93,0.71,5071653,1,13,2000.0,0,0,0,,86694.9
Sivaganga,Tamil Nadu,2026,1116688,0,1116688,Business_Urban,67,2.8,Yes,4,0.0,6.0,0.36,3126726,0,0,,0,4,0,1612146,
Virudhunagar,Tamil Nadu,2026,542278,11600,553878,Business_Urban,13,2.2,No,0,2.09,2.35,0.0,1218532,2,24,2250.0,0,0,0,,23078.2
Theni,Tamil Nadu,2026,1103323,2713,1106036,Wildlife,37,3.8,No,0,0.25,3.35,0.0,4202937,0,0,,0,1,0,105204,
Thoothukudi,Tamil Nadu,2026,666975,0,666975,Religious,79,2.5,Yes,2,0.0,11.84,0.3,1667438,1,12,1500.0,0,2,0,241643,55581.2
Tenkasi,Tamil Nadu,2026,730572,3740,734312,Heritage,113,2.1,No,4,0.51,15.39,0.54,1542055,1,289,7500.0,1,1,0,576976,2540.9
Tirupathur,Tamil Nadu,2026,716255,4642,720897,Religious,51,4.6,No,0,0.64,7.07,0.0,3316126,0,0,,0,4,1,931273,
Ranipet,Tamil Nadu,2026,103002,8384,111386,Religious,97,2.2,Yes,0,7.53,87.08,0.0,245049,3,626,9666.666666666666,3,2,0,272105,177.9
Chengalpattu,Tamil Nadu,2026,900853,0,900853,Hill_Station,101,2.9,No,0,0.0,11.21,0.0,2612474,3,19,2066.6666666666665,0,1,0,99075,47413.3
Kallakurichi,Tamil Nadu,2026,837648,11905,849553,Business_Urban,66,1.3,Yes,3,1.4,7.77,0.35,1104419,0,0,,0,1,0,152157,
Mayiladuthurai,Tamil Nadu,2026,379056,6712,385768,Nature_Eco,24,3.3,No,3,1.74,6.22,0.78,1273034,0,0,,0,1,0,14691,
Jaipur,Rajasthan,2026,7062676,557734,7620410,Business_Urban,50,2.7,Yes,45,7.32,0.66,0.59,20575107,2,237,4350.0,1,4,0,1445476,32153.6
Jodhpur,Rajasthan,2026,183420,0,183420,Nature_Eco,79,3.9,No,3,0.0,43.07,1.64,715338,1,2,1500.0,0,5,0,364810,91710.0
Udaipur,Rajasthan,2026,9656893,0,9656893,Religious,232,2.4,Yes,22,0.0,2.4,0.23,23176543,1,10,1200.0,0,3,1,1537721,965689.3
Jaisalmer,Rajasthan,2026,723322,0,723322,Beach,40,3.3,No,0,0.0,5.53,0.0,2386963,0,0,,0,3,1,1263598,
Bikaner,Rajasthan,2026,304581,9709,314290,Heritage,30,2.1,No,0,3.09,9.55,0.0,660009,4,327,3000.0,2,4,0,443005,961.1
Ajmer,Rajasthan,2026,542693,0,542693,Nature_Eco,88,2.9,No,7,0.0,16.22,1.29,1573810,0,0,,0,5,1,1222053,
Pushkar,Rajasthan,2026,532083,5133,537216,Hill_Station,27,1.5,Yes,7,0.96,5.03,1.3,805824,2,144,2350.0,1,1,0,10631,3730.7
Sawai Madhopur,Rajasthan,2026,464145,1004,465149,Hill_Station,38,4.5,No,6,0.22,8.17,1.29,2093170,1,13,1200.0,0,5,2,2750738,35780.7
Alwar,Rajasthan,2026,200303,7418,207721,Hill_Station,38,1.9,Yes,1,3.57,18.29,0.48,394670,1,5,2000.0,0,4,0,1128404,41544.2
Kota,Rajasthan,2026,250483,1826,252309,Beach,55,2.5,No,7,0.72,21.8,2.77,630772,3,86,2433.3333333333335,1,1,0,29914,2933.8
Chittorgarh,Rajasthan,2026,803818,4968,808786,Wildlife,63,2.7,No,6,0.61,7.79,0.74,2183722,1,303,5000.0,1,3,0,2126012,2669.3
Bhilwara,Rajasthan,2026,839457,6304,845761,Business_Urban,50,2.8,No,2,0.75,5.91,0.24,2368131,5,747,5740.0,5,0,0,,1132.2
Barmer,Rajasthan,2026,600961,10062,611023,Nature_Eco,78,4.2,No,7,1.65,12.77,1.15,2566297,3,232,8833.333333333334,2,4,0,568793,2633.7
Sirohi,Rajasthan,2026,155509,959,156468,Nature_Eco,79,1.4,No,8,0.61,50.49,5.11,219055,1,8,2500.0,0,5,0,2519560,19558.5
Mount Abu,Rajasthan,2026,74103,9803,83906,Beach,31,3.5,No,3,11.68,36.95,3.58,293671,6,608,3283.3333333333335,3,1,0,119532,138.0
Bundi,Rajasthan,2026,1017135,6022,1023157,Heritage,14,2.8,No,0,0.59,1.37,0.0,2864840,1,11,800.0,0,4,0,1157957,93014.3
Bharatpur,Rajasthan,2026,268404,0,268404,Wildlife,66,3.3,No,7,0.0,24.59,2.61,885733,4,48,2575.0,1,6,0,1508450,5591.8
Dholpur,Rajasthan,2026,794265,3749,798014,Hill_Station,45,3.8,No,4,0.47,5.64,0.5,3032453,3,576,3500.0,3,2,0,247013,1385.4
Karauli,Rajasthan,2026,571599,10401,582000,Beach,80,4.3,No,0,1.79,13.75,0.0,2502600,0,0,,0,1,0,147597,
Tonk,Rajasthan,2026,1222336,9288,1231624,Wildlife,105,1.7,No,8,0.75,8.53,0.65,2093761,0,0,,0,1,0,129644,
Nagaur,Rajasthan,2026,290668,7221,297889,Wildlife,40,1.8,No,7,2.42,13.43,2.35,536200,4,149,3175.0,1,3,1,231690,1999.3
Pali,Rajasthan,2026,470610,0,470610,Religious,84,2.5,No,3,0.0,17.85,0.64,1176525,1,41,5000.0,1,2,1,1052172,11478.3
Jalore,Rajasthan,2026,942802,0,942802,Heritage,41,2.3,Yes,6,0.0,4.35,0.64,2168445,4,217,1850.0,1,2,0,166732,4344.7
Jhunjhunu,Rajasthan,2026,354945,2855,357800,Heritage,21,1.9,No,0,0.8,5.87,0.0,679820,1,5,1200.0,0,4,1,923788,71560.0
Sikar,Rajasthan,2026,594529,6106,600635,Nature_Eco,104,2.8,No,0,1.02,17.32,0.0,1681778,1,176,7500.0,1,2,1,7753324,3412.7
Churu,Rajasthan,2026,1142093,10925,1153018,Heritage,28,2.8,Yes,5,0.95,2.43,0.43,3228450,3,574,5400.0,2,0,0,,2008.7
Hanumangarh,Rajasthan,2026,902002,2176,904178,Beach,56,2.6,No,2,0.24,6.19,0.22,2350863,4,100,2725.0,1,4,0,511612,9041.8
Ganganagar,Rajasthan,2026,694037,0,694037,Beach,22,2.4,No,8,0.0,3.17,1.15,1665689,3,187,3333.3333333333335,1,5,1,1831000,3711.4
Dungarpur,Rajasthan,2026,118653,0,118653,Hill_Station,81,2.1,Yes,0,0.0,68.27,0.0,249171,2,220,2500.0,1,2,0,717002,539.3
Banswara,Rajasthan,2026,596932,0,596932,Beach,27,2.6,Yes,0,0.0,4.52,0.0,1552023,2,9,1750.0,0,5,0,1734018,66325.8
Pratapgarh,Rajasthan,2026,1198527,0,1198527,Nature_Eco,60,3.5,Yes,8,0.0,5.01,0.67,4194844,2,214,7250.0,1,2,1,1150688,5600.6
Rajsamand,Rajasthan,2026,693897,0,693897,Religious,85,3.5,No,4,0.0,12.25,0.58,2428640,3,694,6333.333333333333,3,4,1,1508465,999.9
Bengaluru Urban,Karnataka,2026,9847825,132960,9980785,Beach,270,2.0,Yes,45,1.33,2.71,0.45,19961570,1,2,1200.0,0,4,0,515717,4990392.5
Mysuru,Karnataka,2026,9496678,277369,9774047,Heritage,611,3.4,Yes,0,2.84,6.25,0.0,33231760,1,37,2200.0,0,4,0,1427104,264163.4
Hassan,Karnataka,2026,423231,912,424143,Wildlife,73,3.7,Yes,5,0.22,17.21,1.18,1569329,3,85,3666.6666666666665,1,5,0,1238419,4989.9
Uttara Kannada,Karnataka,2026,817233,4618,821851,Wildlife,40,3.0,No,7,0.56,4.87,0.85,2465553,3,326,4000.0,2,2,0,280515,2521.0
Udupi,Karnataka,2026,876889,1810,878699,Wildlife,53,3.0,No,3,0.21,6.03,0.34,2636097,1,13,1200.0,0,5,1,1585880,67592.2
Dakshina Kannada,Karnataka,2026,955392,8222,963614,Heritage,27,3.3,Yes,3,0.85,2.8,0.31,3179926,1,92,12000.0,1,1,0,638141,10474.1
Kodagu,Karnataka,2026,1145889,10059,1155948,Hill_Station,21,3.3,No,1,0.87,1.82,0.09,3814628,0,0,,0,3,0,269975,
Chikkamagaluru,Karnataka,2026,705061,0,705061,Nature_Eco,53,4.4,No,0,0.0,7.52,0.0,3102268,3,176,2833.3333333333335,1,4,0,7841280,4006.0
Bellary,Karnataka,2026,758456,0,758456,Hill_Station,37,3.9,Yes,8,0.0,4.88,1.05,2957978,1,247,3500.0,1,5,1,946109,3070.7
Vijayanagara,Karnataka,2026,888038,6500,894538,Beach,47,2.3,Yes,4,0.73,5.25,0.45,2057437,2,21,1350.0,0,0,0,,42597.0
Hampi,Karnataka,2026,513440,0,513440,Wildlife,75,3.0,No,6,0.0,14.61,1.17,1540320,3,144,4666.666666666667,1,0,0,,3565.6
Badami,Karnataka,2026,855280,1063,856343,Wildlife,82,3.0,Yes,7,0.12,9.58,0.82,2569029,2,216,4250.0,1,3,0,414676,3964.6
Bagalkote,Karnataka,2026,105871,10724,116595,Nature_Eco,46,2.9,No,3,9.2,39.45,2.57,338126,0,0,,0,4,0,411706,
Belagavi,Karnataka,2026,605879,8105,613984,Hill_Station,84,3.3,No,2,1.32,13.68,0.33,2026147,1,9,2000.0,0,5,1,2157193,68220.4
Vijayapura,Karnataka,2026,898638,3359,901997,Religious,93,3.8,Yes,8,0.37,10.31,0.89,3427589,4,450,5250.0,2,3,0,509502,2004.4
Kalaburagi,Karnataka,2026,265356,7798,273154,Nature_Eco,50,3.1,Yes,6,2.85,18.3,2.2,846777,2,25,1350.0,0,0,0,,10926.2
Bidar,Karnataka,2026,580086,1060,581146,Hill_Station,75,3.0,No,5,0.18,12.91,0.86,1743438,3,333,2733.3333333333335,2,4,0,1358907,1745.2
Raichur,Karnataka,2026,536408,0,536408,Beach,86,2.5,Yes,0,0.0,16.03,0.0,1341020,4,268,4825.0,2,1,0,1040859,2001.5
Koppal,Karnataka,2026,685516,3978,689494,Religious,78,3.4,Yes,0,0.58,11.31,0.0,2344280,0,0,,0,7,1,2344969,
Gadag,Karnataka,2026,1113533,11647,1125180,Wildlife,39,3.0,Yes,8,1.04,3.47,0.71,3375540,1,13,1200.0,0,3,0,447133,86552.3
Dharwad,Karnataka,2026,533484,6674,540158,Hill_Station,37,3.7,No,0,1.24,6.85,0.0,1998585,2,12,2500.0,0,0,0,,45013.2
Haveri,Karnataka,2026,221698,8727,230425,Beach,40,3.4,No,3,3.79,17.36,1.3,783445,1,191,12000.0,1,1,0,169046,1206.4
Shivamogga,Karnataka,2026,405639,4575,410214,Wildlife,94,2.0,No,0,1.12,22.91,0.0,820428,2,41,4750.0,1,2,0,206118,10005.2
Davangere,Karnataka,2026,621947,928,622875,Wildlife,62,2.8,Yes,6,0.15,9.95,0.96,1744050,2,15,2250.0,0,3,0,448544,41525.0
Chitradurga,Karnataka,2026,649498,3212,652710,Nature_Eco,100,3.2,Yes,0,0.49,15.32,0.0,2088672,1,21,5000.0,1,5,0,479989,31081.4
Tumakuru,Karnataka,2026,415549,2390,417939,Wildlife,55,3.4,No,5,0.57,13.16,1.2,1420993,4,174,2325.0,1,4,0,905793,2401.9
Kolar,Karnataka,2026,904256,9330,913586,Beach,22,3.5,No,0,1.02,2.41,0.0,3197551,0,0,,0,5,0,507422,
Chikkaballapura,Karnataka,2026,698169,804,698973,Heritage,83,4.3,No,8,0.12,11.87,1.14,3005584,2,327,2500.0,1,2,1,644205,2137.5
Ramanagara,Karnataka,2026,833083,9422,842505,Religious,93,1.2,No,0,1.12,11.04,0.0,1011006,1,11,1200.0,0,1,0,51209,76591.4
Mandya,Karnataka,2026,563796,9757,573553,Hill_Station,37,1.8,No,2,1.7,6.45,0.35,1032395,0,0,,0,4,0,1933920,
Chamarajanagar,Karnataka,2026,444948,9637,454585,Heritage,42,1.1,Yes,7,2.12,9.24,1.54,500044,1,100,12000.0,1,2,0,1062017,4545.8
Yadgir,Karnataka,2026,1026268,4550,1030818,Religious,93,2.6,Yes,6,0.44,9.02,0.58,2680127,1,2,2000.0,0,7,1,1310639,515409.0
Mumbai City,Maharashtra,2026,3955612,51798,4007410,Wildlife,167,1.6,Yes,41,1.29,4.17,1.02,6411856,2,17,800.0,0,2,0,277338,235730.0
Mumbai Suburban,Maharashtra,2026,511148,9573,520721,Wildlife,22,3.9,No,8,1.84,4.22,1.54,2030812,1,304,12000.0,1,2,0,216418,1712.9
Pune,Maharashtra,2026,9195542,170855,9366397,Beach,148,2.75,Yes,2,1.82,1.58,0.02,25757592,3,284,3566.6666666666665,1,1,0,92144,32980.3
Chhatrapati Sambhajinagar,Maharashtra,2026,194583,2337,196920,Religious,28,3.7,Yes,0,1.19,14.22,0.0,728604,1,9,2000.0,0,2,0,181089,21880.0
Nashik,Maharashtra,2026,877640,1170,878810,Wildlife,52,3.8,No,8,0.13,5.92,0.91,3339478,2,21,1000.0,0,3,0,1182200,41848.1
Nagpur,Maharashtra,2026,634487,7429,641916,Hill_Station,55,2.2,No,0,1.16,8.57,0.0,1412215,1,230,5000.0,1,3,1,813737,2790.9
Thane,Maharashtra,2026,1210811,6010,1216821,Wildlife,77,3.5,Yes,4,0.49,6.33,0.33,4258874,1,53,7500.0,1,1,0,131037,22958.9
Raigad,Maharashtra,2026,1015176,8927,1024103,Heritage,85,2.3,Yes,6,0.87,8.3,0.59,2355437,2,253,2750.0,1,4,0,494972,4047.8
Ratnagiri,Maharashtra,2026,1011889,11097,1022986,Beach,82,3.1,Yes,3,1.08,8.02,0.29,3171257,4,438,3200.0,2,4,0,2170199,2335.6
Sindhudurg,Maharashtra,2026,408743,7584,416327,Heritage,85,3.6,No,0,1.82,20.42,0.0,1498777,4,365,4000.0,3,1,0,165159,1140.6
Kolhapur,Maharashtra,2026,255536,6221,261757,Hill_Station,54,1.9,No,4,2.38,20.63,1.53,497338,2,231,3100.0,1,2,0,27835,1133.1
Satara,Maharashtra,2026,642217,356,642573,Heritage,85,3.1,Yes,0,0.06,13.23,0.0,1991976,0,0,,0,5,0,917712,
Solapur,Maharashtra,2026,462058,8996,471054,Hill_Station,14,4.4,No,3,1.91,2.97,0.64,2072638,2,21,1850.0,0,3,0,271532,22431.1
Ahmednagar,Maharashtra,2026,253231,7129,260360,Hill_Station,59,2.3,Yes,6,2.74,22.66,2.3,598828,0,0,,0,4,1,900812,
Jalgaon,Maharashtra,2026,470348,6221,476569,Beach,37,3.0,No,0,1.31,7.76,0.0,1429707,3,467,4000.0,2,4,0,499412,1020.5
Dhule,Maharashtra,2026,78197,8972,87169,Wildlife,98,3.1,Yes,0,10.29,112.43,0.0,270224,4,800,7300.0,3,4,0,450944,109.0
Nandurbar,Maharashtra,2026,663884,1129,665013,Heritage,47,3.2,No,8,0.17,7.07,1.2,2128042,0,0,,0,3,1,804707,
Amravati,Maharashtra,2026,590659,10626,601285,Religious,28,1.7,No,0,1.77,4.66,0.0,1022184,1,316,7500.0,1,4,0,1421778,1902.8
Akola,Maharashtra,2026,518323,0,518323,Religious,31,1.9,No,1,0.0,5.98,0.19,984814,4,407,3675.0,3,8,2,3632113,1273.5
Yavatmal,Maharashtra,2026,834749,0,834749,Hill_Station,48,1.7,No,8,0.0,5.75,0.96,1419073,2,264,8500.0,2,1,0,167236,3161.9
Buldhana,Maharashtra,2026,626977,7719,634696,Religious,26,4.5,Yes,4,1.22,4.1,0.63,2856132,1,3,2500.0,0,2,0,1204176,211565.3
Washim,Maharashtra,2026,874361,6095,880456,Beach,92,2.6,No,0,0.69,10.45,0.0,2289186,1,243,3500.0,1,2,0,438005,3623.3
Wardha,Maharashtra,2026,300380,5439,305819,Business_Urban,52,4.1,No,0,1.78,17.0,0.0,1253858,1,4,2500.0,0,4,0,2866257,76454.8
Chandrapur,Maharashtra,2026,794667,7311,801978,Wildlife,15,3.4,No,5,0.91,1.87,0.62,2726725,3,339,3666.6666666666665,2,3,0,1329403,2365.7
Gadchiroli,Maharashtra,2026,1221623,4896,1226519,Beach,34,1.5,No,8,0.4,2.77,0.65,1839778,4,674,9875.0,4,2,1,641954,1819.8
Bhandara,Maharashtra,2026,61726,1120,62846,Heritage,92,4.2,No,8,1.78,146.39,12.73,263953,1,297,5000.0,1,5,1,1734069,211.6
Gondia,Maharashtra,2026,420471,0,420471,Nature_Eco,50,4.0,Yes,7,0.0,11.89,1.66,1681884,2,19,800.0,0,0,0,,22130.1
Nanded,Maharashtra,2026,233414,0,233414,Hill_Station,54,2.9,No,7,0.0,23.13,3.0,676901,3,356,2800.0,2,4,0,350013,655.7
Latur,Maharashtra,2026,299579,8039,307618,Wildlife,32,3.0,Yes,0,2.61,10.4,0.0,922854,1,8,2000.0,0,3,0,803949,38452.2
Parbhani,Maharashtra,2026,857194,2808,860002,Business_Urban,75,2.2,No,5,0.33,8.72,0.58,1892004,0,0,,0,4,0,1256953,
Jalna,Maharashtra,2026,800793,0,800793,Nature_Eco,70,3.0,Yes,6,0.0,8.74,0.75,2402379,3,240,2900.0,2,3,0,298801,3336.6
Beed,Maharashtra,2026,356289,11602,367891,Hill_Station,90,4.4,No,7,3.15,24.46,1.9,1618720,2,561,9750.0,2,4,0,402508,655.8
Osmanabad,Maharashtra,2026,561956,9360,571316,Beach,87,2.6,Yes,0,1.64,15.23,0.0,1485422,1,98,5000.0,1,1,0,52110,5829.8
Palghar,Maharashtra,2026,876075,1996,878071,Beach,82,2.75,No,0,0.23,9.34,0.0,2414695,0,0,,0,2,0,261715,
Thiruvananthapuram,Kerala,2026,9951646,587392,10539038,Nature_Eco,148,3.5,Yes,2,5.57,1.4,0.02,36886633,4,290,6625.0,3,4,0,1202051,36341.5
Kollam,Kerala,2026,171490,3606,175096,Nature_Eco,115,2.0,No,7,2.06,65.68,4.0,350192,5,165,3480.0,3,4,0,452961,1061.2
Pathanamthitta,Kerala,2026,951234,1144,952378,Beach,132,2.2,No,0,0.12,13.86,0.0,2095232,5,60,1940.0,1,3,0,1041854,15873.0
Alappuzha,Kerala,2026,74349,2543,76892,Heritage,60,2.8,No,4,3.31,78.03,5.2,215298,2,212,9750.0,2,6,1,2204165,362.7
Kottayam,Kerala,2026,600656,6953,607609,Wildlife,21,2.2,No,7,1.14,3.46,1.15,1336740,3,89,3233.3333333333335,1,3,0,1774078,6827.1
Idukki,Kerala,2026,741307,0,741307,Heritage,17,2.6,Yes,4,0.0,2.29,0.54,1927398,7,819,3857.1428571428573,4,1,0,1265909,905.1
Ernakulam,Kerala,2026,2032095,510417,2542512,Beach,215,2.5,Yes,0,20.08,8.46,0.0,6356280,3,330,4400.0,2,6,0,1808457,7704.6
Thrissur,Kerala,2026,970823,5381,976204,Heritage,20,1.3,Yes,0,0.55,2.05,0.0,1269065,2,73,4350.0,1,2,0,260681,13372.7
Palakkad,Kerala,2026,977150,522,977672,Religious,18,1.7,Yes,2,0.05,1.84,0.2,1662042,2,211,6750.0,1,2,0,1191168,4633.5
Malappuram,Kerala,2026,142290,0,142290,Nature_Eco,72,2.2,Yes,2,0.0,50.6,1.41,313038,8,779,3225.0,4,6,2,2136001,182.7
Kozhikode,Kerala,2026,247589,10403,257992,Religious,34,2.0,No,7,4.03,13.18,2.71,515984,11,1082,3618.181818181818,5,6,0,2982560,238.4
Wayanad,Kerala,2026,296263,1158,297421,Beach,132,2.3,No,5,0.39,44.38,1.68,684068,7,574,5114.285714285715,4,1,0,147597,518.2
Kannur,Kerala,2026,1126330,0,1126330,Religious,45,1.5,No,7,0.0,4.0,0.62,1689495,4,186,2825.0,2,4,0,2813141,6055.5
Kasaragod,Kerala,2026,605290,7810,613100,Beach,51,2.6,Yes,0,1.27,8.32,0.0,1594060,5,167,3740.0,2,3,0,322122,3671.3
Ahmedabad,Gujarat,2026,1958208,73060,2031268,Beach,601,1.2,Yes,29,3.6,29.59,1.43,2437522,2,10,1150.0,0,0,0,,203126.8
Surat,Gujarat,2026,844982,739,845721,Wildlife,64,3.7,Yes,0,0.09,7.57,0.0,3129168,1,89,12000.0,1,1,0,952716,9502.5
Vadodara,Gujarat,2026,580508,1046,581554,Heritage,36,2.8,No,1,0.18,6.19,0.17,1628351,6,554,3916.6666666666665,4,1,0,131037,1049.7
Rajkot,Gujarat,2026,1047801,6745,1054546,Beach,70,2.2,No,5,0.64,6.64,0.47,2320001,2,60,2150.0,1,1,0,35493,17575.8
Kutch,Gujarat,2026,6374173,558020,6932193,Beach,147,3.9,Yes,30,8.05,2.12,0.43,27035553,3,229,4833.333333333333,2,3,0,1156480,30271.6
Junagadh,Gujarat,2026,449370,1229,450599,Nature_Eco,48,2.7,No,0,0.27,10.65,0.0,1216617,3,346,4166.666666666667,2,1,0,147597,1302.3
Gir Somnath,Gujarat,2026,713197,10303,723500,Beach,32,2.75,No,5,1.42,4.42,0.69,1989625,1,8,2200.0,0,5,0,1036859,90437.5
Patan,Gujarat,2026,829248,4952,834200,Heritage,116,2.4,Yes,0,0.59,13.91,0.0,2002080,2,148,4250.0,2,0,0,,5636.5
Mehsana,Gujarat,2026,615647,8625,624272,Business_Urban,51,1.8,No,3,1.38,8.17,0.48,1123690,0,0,,0,0,0,,
Jamnagar,Gujarat,2026,1124264,10479,1134743,Religious,55,2.0,No,1,0.92,4.85,0.09,2269486,2,90,2150.0,1,1,0,147105,12608.3
Bhavnagar,Gujarat,2026,1012904,9842,1022746,Hill_Station,47,1.3,No,2,0.96,4.6,0.2,1329570,1,5,1500.0,0,4,0,4902358,204549.2
Porbandar,Gujarat,2026,473434,6561,479995,Hill_Station,103,3.1,Yes,0,1.37,21.46,0.0,1487984,2,374,5500.0,2,3,0,302306,1283.4
Dwarka,Gujarat,2026,159202,0,159202,Beach,23,4.4,Yes,0,0.0,14.45,0.0,700489,3,52,2300.0,1,3,1,935542,3061.6
Morbi,Gujarat,2026,1058982,9514,1068496,Heritage,99,2.8,Yes,5,0.89,9.27,0.47,2991789,1,12,2000.0,0,0,0,,89041.3
Amreli,Gujarat,2026,275171,5536,280707,Nature_Eco,21,2.3,No,1,1.97,7.48,0.36,645626,1,13,2500.0,0,1,1,897930,21592.8
Surendranagar,Gujarat,2026,501811,0,501811,Wildlife,33,4.0,Yes,5,0.0,6.58,1.0,2007244,1,140,7500.0,1,1,0,131037,3584.4
Gandhinagar,Gujarat,2026,69983,10212,80195,Religious,63,2.1,No,6,12.73,78.56,7.48,168410,2,250,2900.0,1,4,0,1090957,320.8
Sabarkantha,Gujarat,2026,699949,9514,709463,Nature_Eco,81,2.9,Yes,3,1.34,11.42,0.42,2057443,3,12,1066.6666666666667,0,1,0,964636,59121.9
Banaskantha,Gujarat,2026,931184,11822,943006,Nature_Eco,57,2.3,Yes,7,1.25,6.04,0.74,2168914,3,473,4500.0,2,4,1,426969,1993.7
Aravalli,Gujarat,2026,803961,10210,814171,Business_Urban,51,2.6,No,4,1.25,6.26,0.49,2116845,1,156,7500.0,1,1,0,115801,5219.0
Kheda,Gujarat,2026,173712,1667,175379,Hill_Station,26,2.5,Yes,4,0.95,14.83,2.28,438448,3,367,8500.0,2,3,0,3270505,477.9
Anand,Gujarat,2026,632357,1867,634224,Nature_Eco,85,3.6,No,8,0.29,13.4,1.26,2283206,2,357,5500.0,2,1,0,10547,1776.5
Panchmahal,Gujarat,2026,930858,4082,934940,Beach,92,2.1,No,1,0.44,9.84,0.11,1963374,1,2,800.0,0,0,0,,467470.0
Dahod,Gujarat,2026,324346,6390,330736,Business_Urban,51,3.4,Yes,0,1.93,15.42,0.0,1124502,1,3,1500.0,0,2,0,898530,110245.3
Mahisagar,Gujarat,2026,173689,7169,180858,Wildlife,69,3.9,Yes,6,3.96,38.15,3.32,705346,3,135,5000.0,1,1,0,152157,1339.7
Narmada,Gujarat,2026,263477,0,263477,Religious,48,1.5,No,0,0.0,18.22,0.0,395216,0,0,,0,1,0,1252693,
Bharuch,Gujarat,2026,1163219,5727,1168946,Business_Urban,51,2.3,No,4,0.49,4.36,0.34,2688576,6,303,3916.6666666666665,2,1,0,23961,3857.9
Tapi,Gujarat,2026,162112,11731,173843,Wildlife,68,1.7,No,1,6.75,39.12,0.58,295533,1,15,1500.0,0,1,0,982551,11589.5
Navsari,Gujarat,2026,245414,0,245414,Heritage,107,3.2,No,4,0.0,43.6,1.63,785325,1,8,1200.0,0,1,0,75074,30676.8
Valsad,Gujarat,2026,1219960,8960,1228920,Business_Urban,97,2.0,Yes,2,0.73,7.89,0.16,2457840,2,104,7250.0,1,3,0,1503217,11816.5
Dang,Gujarat,2026,1113412,0,1113412,Beach,70,1.6,No,5,0.0,6.29,0.45,1781459,4,449,4500.0,3,3,0,435351,2479.8
Botad,Gujarat,2026,975034,1268,976302,Hill_Station,45,2.2,Yes,4,0.13,4.61,0.41,2147864,2,276,6600.0,1,0,0,,3537.3
Bhopal,Madhya Pradesh,2026,5309561,337592,5647153,Business_Urban,411,1.2,Yes,27,5.98,7.28,0.48,6776584,2,62,3500.0,1,2,0,646684,91083.1
Indore,Madhya Pradesh,2026,743372,0,743372,Heritage,102,3.0,No,0,0.0,13.72,0.0,2230116,4,580,8075.0,3,2,0,858507,1281.7
Jabalpur,Madhya Pradesh,2026,681107,0,681107,Wildlife,50,2.6,Yes,2,0.0,7.34,0.29,1770878,0,0,,0,4,1,704268,
Gwalior,Madhya Pradesh,2026,10693531,86841,10780372,Religious,409,3.5,Yes,27,0.81,3.79,0.25,37731302,2,176,2350.0,1,3,0,339777,61252.1
Ujjain,Madhya Pradesh,2026,1143550,2939,1146489,Business_Urban,26,2.9,No,1,0.26,2.27,0.09,3324818,0,0,,0,1,0,143803,
Chhatarpur,Madhya Pradesh,2026,674732,2851,677583,Wildlife,53,1.9,No,0,0.42,7.82,0.0,1287408,5,247,2680.0,3,2,0,194984,2743.3
Hoshangabad,Madhya Pradesh,2026,453981,10395,464376,Business_Urban,71,2.8,Yes,6,2.24,15.29,1.29,1300253,3,404,8733.333333333334,3,2,0,181340,1149.4
Raisen,Madhya Pradesh,2026,448468,0,448468,Wildlife,37,1.8,Yes,7,0.0,8.25,1.56,807242,1,6,1500.0,0,4,0,1009244,74744.7
Mandla,Madhya Pradesh,2026,83447,5668,89115,Beach,85,2.75,No,6,6.36,95.38,6.73,245066,2,16,1400.0,0,1,0,1184269,5569.7
Umaria,Madhya Pradesh,2026,221609,8240,229849,Beach,75,3.8,Yes,4,3.58,32.63,1.74,873426,0,0,,0,4,0,1653447,
Seoni,Madhya Pradesh,2026,999047,0,999047,Business_Urban,35,2.8,No,3,0.0,3.5,0.3,2797332,0,0,,0,3,0,386001,
Rewa,Madhya Pradesh,2026,404610,0,404610,Beach,114,3.2,Yes,4,0.0,28.18,0.99,1294752,1,5,1200.0,0,0,0,,80922.0
Satna,Madhya Pradesh,2026,651424,11026,662450,Business_Urban,25,2.9,No,6,1.66,3.77,0.91,1921105,1,29,3500.0,1,3,0,1100917,22843.1
Katni,Madhya Pradesh,2026,1301558,8509,1310067,Beach,70,3.6,Yes,5,0.65,5.34,0.38,4716241,1,251,7500.0,1,3,0,400812,5219.4
Panna,Madhya Pradesh,2026,1131198,3489,1134687,Heritage,70,2.8,No,0,0.31,6.17,0.0,3177124,5,107,4140.0,1,0,0,,10604.6
Tikamgarh,Madhya Pradesh,2026,1125348,6074,1131422,Heritage,50,3.4,No,6,0.54,4.42,0.53,3846835,4,364,5450.0,2,1,0,527815,3108.3
Damoh,Madhya Pradesh,2026,1092024,7331,1099355,Hill_Station,36,3.2,Yes,6,0.67,3.27,0.55,3517936,2,192,7000.0,1,6,0,3398225,5725.8
Sagar,Madhya Pradesh,2026,270509,0,270509,Wildlife,104,2.8,No,4,0.0,38.45,1.48,757425,3,454,7166.666666666667,2,2,0,510640,595.8
Vidisha,Madhya Pradesh,2026,97957,3598,101555,Beach,66,2.7,Yes,6,3.54,64.99,5.91,274198,1,33,5000.0,0,4,0,1558132,3077.4
Sehore,Madhya Pradesh,2026,363943,7711,371654,Beach,98,4.1,Yes,0,2.07,26.37,0.0,1523781,3,519,3500.0,3,6,1,1668526,716.1
Rajgarh,Madhya Pradesh,2026,1036843,9393,1046236,Nature_Eco,83,1.3,No,2,0.9,7.93,0.19,1360107,2,17,2500.0,1,5,0,1601658,61543.3
Guna,Madhya Pradesh,2026,852365,4241,856606,Heritage,70,1.3,No,0,0.5,8.17,0.0,1113588,1,6,1200.0,0,3,0,261820,142767.7
Shivpuri,Madhya Pradesh,2026,816973,2426,819399,Nature_Eco,85,3.4,No,4,0.3,10.37,0.49,2785957,2,20,1000.0,0,1,1,1069465,40970.0
Sheopur,Madhya Pradesh,2026,416268,8817,425085,Hill_Station,96,4.4,No,5,2.07,22.58,1.18,1870374,3,625,4500.0,3,1,0,132071,680.1
Morena,Madhya Pradesh,2026,340566,7654,348220,Nature_Eco,83,2.7,No,6,2.2,23.84,1.72,940194,2,62,3100.0,1,2,0,271818,5616.5
Bhind,Madhya Pradesh,2026,861917,3930,865847,Wildlife,105,1.8,Yes,4,0.45,12.13,0.46,1558525,1,270,7500.0,1,3,0,472890,3206.8
Datia,Madhya Pradesh,2026,736546,4466,741012,Hill_Station,87,2.9,Yes,5,0.6,11.74,0.67,2148935,3,192,5500.0,2,5,1,3073644,3859.4
Khandwa,Madhya Pradesh,2026,1221962,6707,1228669,Beach,68,2.3,No,0,0.55,5.53,0.0,2825939,2,50,2500.0,1,1,1,346414,24573.4
Khargone,Madhya Pradesh,2026,1092264,0,1092264,Beach,68,2.75,No,1,0.0,6.23,0.09,3003726,2,261,12000.0,2,2,0,1140251,4184.9
Barwani,Madhya Pradesh,2026,221905,0,221905,Wildlife,21,4.1,No,0,0.0,9.46,0.0,909810,1,36,5000.0,1,1,0,961766,6164.0
Burhanpur,Madhya Pradesh,2026,764211,4379,768590,Beach,17,4.1,No,5,0.57,2.21,0.65,3151219,1,14,800.0,0,1,0,131037,54899.3
Dhar,Madhya Pradesh,2026,566998,3625,570623,Nature_Eco,83,2.0,No,0,0.64,14.55,0.0,1141246,2,17,2150.0,1,4,0,1440202,33566.1
Jhabua,Madhya Pradesh,2026,113856,278,114134,Wildlife,50,3.7,No,2,0.24,43.81,1.75,422296,0,0,,0,2,0,257270,
Alirajpur,Madhya Pradesh,2026,420726,8186,428912,Religious,44,4.3,No,5,1.91,10.26,1.17,1844322,0,0,,0,2,0,269678,
Ratlam,Madhya Pradesh,2026,830111,5487,835598,Nature_Eco,111,3.6,No,5,0.66,13.28,0.6,3008153,1,155,3500.0,1,2,0,1449105,5391.0
Mandsaur,Madhya Pradesh,2026,982149,11786,993935,Hill_Station,85,1.8,No,7,1.19,8.55,0.7,1789083,1,189,3500.0,1,2,0,367743,5258.9
Neemuch,Madhya Pradesh,2026,649888,11056,660944,Beach,64,3.8,No,2,1.67,9.68,0.3,2511587,1,3,1200.0,0,3,1,370730,220314.7
Dewas,Madhya Pradesh,2026,1024114,5746,1029860,Wildlife,50,3.8,Yes,1,0.56,4.86,0.1,3913468,0,0,,0,2,0,212712,
Shajapur,Madhya Pradesh,2026,1165326,0,1165326,Nature_Eco,78,4.4,No,6,0.0,6.69,0.51,5127434,1,92,5000.0,1,4,0,274487,12666.6
Agar Malwa,Madhya Pradesh,2026,327114,1623,328737,Beach,68,2.4,No,6,0.49,20.69,1.83,788969,4,46,1175.0,0,4,0,1067809,7146.5
Kolkata,West Bengal,2026,2710662,136686,2847348,Religious,552,2.6,Yes,0,4.8,19.39,0.0,7403105,4,483,5950.0,3,3,0,200031,5895.1
Darjeeling,West Bengal,2026,7909683,606501,8516184,Beach,374,2.5,Yes,44,7.12,4.39,0.52,21290460,2,27,3100.0,1,1,1,584641,315414.2
Kalimpong,West Bengal,2026,173283,1196,174479,Hill_Station,37,2.7,Yes,6,0.69,21.21,3.44,471093,3,139,5400.0,1,3,0,296690,1255.2
Jalpaiguri,West Bengal,2026,978228,4459,982687,Nature_Eco,16,1.8,No,7,0.45,1.63,0.71,1768837,2,11,3100.0,1,1,0,139640,89335.2
Alipurduar,West Bengal,2026,289104,0,289104,Nature_Eco,15,2.9,Yes,1,0.0,5.19,0.35,838402,0,0,,0,0,0,,
Cooch Behar,West Bengal,2026,180927,3819,184746,Religious,19,3.2,Yes,7,2.07,10.28,3.79,591187,5,345,5200.0,2,2,0,299774,535.5
Howrah,West Bengal,2026,988274,3992,992266,Heritage,25,4.4,No,4,0.4,2.52,0.4,4365970,1,12,2500.0,0,1,0,129741,82688.8
Hooghly,West Bengal,2026,1050691,5775,1056466,Religious,19,2.3,No,3,0.55,1.8,0.28,2429872,2,44,3500.0,1,0,0,,24010.6
South 24 Parganas,West Bengal,2026,964443,4688,969131,Wildlife,65,3.7,No,4,0.48,6.71,0.41,3585785,4,333,3125.0,1,3,0,981801,2910.3
North 24 Parganas,West Bengal,2026,630692,4481,635173,Hill_Station,74,1.9,No,7,0.71,11.65,1.1,1206829,3,49,2233.3333333333335,0,3,1,1221562,12962.7
Nadia,West Bengal,2026,494820,0,494820,Heritage,33,2.8,No,3,0.0,6.67,0.61,1385496,2,48,2850.0,0,2,0,499843,10308.8
Murshidabad,West Bengal,2026,627311,7942,635253,Wildlife,76,3.1,No,0,1.25,11.96,0.0,1969284,2,260,2350.0,1,0,0,,2443.3
Malda,West Bengal,2026,859202,8008,867210,Heritage,92,4.0,No,4,0.92,10.61,0.46,3468840,4,182,2350.0,1,3,0,1037359,4764.9
Uttar Dinajpur,West Bengal,2026,277292,238,277530,Heritage,87,1.8,Yes,7,0.09,31.35,2.52,499554,4,509,5750.0,3,2,0,281898,545.2
Dakshin Dinajpur,West Bengal,2026,851533,0,851533,Business_Urban,26,2.3,Yes,7,0.0,3.05,0.82,1958526,0,0,,0,4,1,1417533,
Purba Medinipur,West Bengal,2026,1036489,9266,1045755,Beach,100,4.3,No,7,0.89,9.56,0.67,4496746,2,50,3100.0,0,3,1,271236,20915.1
Paschim Medinipur,West Bengal,2026,618319,276,618595,Hill_Station,53,1.8,No,8,0.04,8.57,1.29,1113471,3,26,1066.6666666666667,0,4,0,2245915,23792.1
Jhargram,West Bengal,2026,245751,2127,247878,Heritage,99,2.0,Yes,2,0.86,39.94,0.81,495756,1,10,800.0,0,0,0,,24787.8
Purulia,West Bengal,2026,870885,2004,872889,Hill_Station,54,3.6,No,6,0.23,6.19,0.69,3142400,1,6,800.0,0,3,0,289858,145481.5
Bankura,West Bengal,2026,1015145,0,1015145,Hill_Station,54,2.2,No,2,0.0,5.32,0.2,2233319,2,170,4250.0,1,3,0,458328,5971.4
Birbhum,West Bengal,2026,442347,0,442347,Hill_Station,101,3.5,Yes,0,0.0,22.83,0.0,1548214,4,395,3925.0,3,1,0,572966,1119.9
Purba Bardhaman,West Bengal,2026,1048272,10835,1059107,Wildlife,64,4.1,Yes,2,1.02,6.04,0.19,4342339,3,32,2900.0,1,0,0,,33097.1
Paschim Bardhaman,West Bengal,2026,236752,10777,247529,Hill_Station,35,1.6,No,2,4.35,14.14,0.81,396046,2,271,3100.0,1,3,1,1367465,913.4
Shimla,Himachal Pradesh,2026,8632801,323932,8956733,Business_Urban,371,1.6,Yes,42,3.62,4.14,0.47,14330773,7,290,3028.5714285714284,1,0,0,,30885.3
Kullu,Himachal Pradesh,2026,3935713,0,3935713,Hill_Station,614,3.2,Yes,33,0.0,15.6,0.84,12594282,5,245,3520.0,3,0,0,,16064.1
Mandi,Himachal Pradesh,2026,816186,2936,819122,Wildlife,38,1.7,Yes,0,0.36,4.64,0.0,1392507,7,857,5185.714285714285,4,0,0,,955.8
Kangra,Himachal Pradesh,2026,1143352,10085,1153437,Hill_Station,75,2.7,No,2,0.87,6.5,0.17,3114280,7,276,4757.142857142857,4,0,0,,4179.1
Chamba,Himachal Pradesh,2026,685060,0,685060,Beach,67,1.2,No,1,0.0,9.78,0.15,822072,5,462,3940.0,2,0,0,,1482.8
Solan,Himachal Pradesh,2026,754622,7267,761889,Business_Urban,59,2.1,No,0,0.95,7.74,0.0,1599967,8,583,4662.5,6,0,0,,1306.8
Sirmaur,Himachal Pradesh,2026,1048978,7914,1056892,Nature_Eco,98,3.6,Yes,8,0.75,9.27,0.76,3804811,5,518,4960.0,4,0,0,,2040.3
Bilaspur,Himachal Pradesh,2026,419875,5309,425184,Nature_Eco,24,3.5,No,0,1.25,5.64,0.0,1488144,5,429,2600.0,2,0,0,,991.1
Hamirpur,Himachal Pradesh,2026,308556,392,308948,Hill_Station,105,2.6,No,0,0.13,33.99,0.0,803265,8,429,3712.5,3,0,0,,720.2
Una,Himachal Pradesh,2026,372009,2854,374863,Business_Urban,76,3.8,No,3,0.76,20.27,0.8,1424479,5,160,3900.0,1,0,0,,2342.9
Lahaul and Spiti,Himachal Pradesh,2026,791886,3859,795745,Heritage,77,1.9,No,0,0.48,9.68,0.0,1511916,4,350,3300.0,3,0,0,,2273.6
Kinnaur,Himachal Pradesh,2026,908010,10305,918315,Religious,50,1.9,No,0,1.12,5.44,0.0,1744798,2,210,5500.0,2,0,0,,4372.9
Dehradun,Uttarakhand,2026,6641200,255940,6897140,Beach,409,4.3,Yes,14,3.71,5.93,0.2,29657702,8,1013,5312.5,5,5,1,1858053,6808.6
Haridwar,Uttarakhand,2026,2947538,0,2947538,Heritage,159,2.3,Yes,15,0.0,5.39,0.51,6779337,6,842,4083.3333333333335,4,3,0,1023254,3500.6
Nainital,Uttarakhand,2026,118355,206,118561,Nature_Eco,41,3.7,No,4,0.17,34.58,3.37,438676,9,782,4222.222222222223,4,1,1,143803,151.6
Almora,Uttarakhand,2026,812102,2402,814504,Religious,107,4.2,Yes,5,0.29,13.14,0.61,3420917,2,53,6750.0,1,1,0,132071,15368.0
Pauri Garhwal,Uttarakhand,2026,667715,2882,670597,Nature_Eco,21,2.7,No,2,0.43,3.13,0.3,1810612,6,296,2383.3333333333335,1,1,0,91193,2265.5
Tehri Garhwal,Uttarakhand,2026,275158,384,275542,Heritage,159,3.1,No,5,0.14,57.7,1.81,854180,6,523,3116.6666666666665,3,0,0,,526.8
Chamoli,Uttarakhand,2026,170339,6184,176523,Nature_Eco,67,4.1,No,3,3.5,37.96,1.7,723744,4,540,6875.0,2,4,0,1708805,326.9
Rudraprayag,Uttarakhand,2026,418098,9595,427693,Nature_Eco,42,2.4,No,8,2.24,9.82,1.87,1026463,2,314,3100.0,1,6,0,2649254,1362.1
Uttarkashi,Uttarakhand,2026,1071750,493,1072243,Religious,60,3.6,Yes,7,0.05,5.6,0.65,3860075,6,848,4166.666666666667,4,1,0,63242,1264.4
Pithoragarh,Uttarakhand,2026,378749,0,378749,Religious,95,4.1,Yes,1,0.0,25.08,0.26,1552871,4,332,6675.0,2,5,2,1854087,1140.8
Bageshwar,Uttarakhand,2026,265867,4847,270714,Beach,52,3.5,Yes,1,1.79,19.21,0.37,947499,2,23,2100.0,0,5,0,1090025,11770.2
Champawat,Uttarakhand,2026,57196,3525,60721,Wildlife,30,4.3,No,8,5.81,49.41,13.18,261100,6,268,3633.3333333333335,1,4,1,1340035,226.6
Udham Singh Nagar,Uttarakhand,2026,665087,5246,670333,Hill_Station,91,4.3,No,0,0.78,13.58,0.0,2882432,5,785,6300.0,4,5,0,599747,853.9
North Goa,Goa,2026,3097468,127295,3224763,Business_Urban,271,1.6,Yes,44,3.95,8.4,1.36,5159621,28,1742,3739.285714285714,9,0,0,,1851.2
South Goa,Goa,2026,6455529,363272,6818801,Nature_Eco,465,2.9,Yes,10,5.33,6.82,0.15,19774523,33,2701,3909.090909090909,17,0,0,,2524.5
Puri,Odisha,2026,2411862,425218,2837080,Nature_Eco,506,1.7,Yes,0,14.99,17.84,0.0,4823036,3,81,3566.6666666666665,1,2,0,242085,35025.7
Khurda,Odisha,2026,1040913,761,1041674,Hill_Station,33,3.6,No,6,0.07,3.17,0.58,3750026,4,32,1525.0,0,1,0,132071,32552.3
Cuttack,Odisha,2026,548297,2489,550786,Business_Urban,112,2.9,Yes,5,0.45,20.33,0.91,1597279,1,4,2500.0,0,3,0,286846,137696.5
Ganjam,Odisha,2026,1097917,0,1097917,Beach,95,3.7,No,4,0.0,8.65,0.36,4062293,3,662,9166.666666666666,3,5,1,483145,1658.5
Balasore,Odisha,2026,139911,7981,147892,Religious,23,2.2,No,0,5.4,15.55,0.0,325362,4,306,4325.0,2,1,0,63958,483.3
Mayurbhanj,Odisha,2026,950795,0,950795,Hill_Station,101,1.6,Yes,6,0.0,10.62,0.63,1521272,4,195,2875.0,1,2,0,274187,4875.9
Sambalpur,Odisha,2026,570420,7131,577551,Religious,90,2.6,No,2,1.23,15.58,0.35,1501633,1,11,1500.0,0,0,0,,52504.6
Sundargarh,Odisha,2026,240925,0,240925,Heritage,51,3.9,No,6,0.0,21.17,2.49,939608,0,0,,0,0,0,,
Koraput,Odisha,2026,67579,4266,71845,Wildlife,85,4.5,Yes,1,5.94,118.31,1.39,323302,1,87,5000.0,1,1,0,55475,825.8
Kalahandi,Odisha,2026,338908,4172,343080,Heritage,86,2.6,No,7,1.22,25.07,2.04,892008,1,265,7500.0,1,1,0,150810,1294.6
Bolangir,Odisha,2026,529138,3585,532723,Beach,61,1.4,No,7,0.67,11.45,1.31,745812,3,78,2500.0,1,3,1,1403863,6829.8
Bhadrak,Odisha,2026,582370,0,582370,Hill_Station,34,2.9,No,0,0.0,5.84,0.0,1688873,0,0,,0,2,0,204361,
Kendrapara,Odisha,2026,571844,7352,579196,Wildlife,88,3.2,Yes,8,1.27,15.19,1.38,1853427,4,269,3300.0,1,2,0,166959,2153.1
Jagatsinghpur,Odisha,2026,486139,2176,488315,Religious,81,3.8,Yes,0,0.45,16.59,0.0,1855597,2,323,3250.0,1,1,0,89735,1511.8
Jajpur,Odisha,2026,175199,731,175930,Nature_Eco,88,2.3,Yes,2,0.42,50.02,1.14,404639,2,12,1500.0,0,1,0,185481,14660.8
Dhenkanal,Odisha,2026,67235,904,68139,Nature_Eco,60,4.4,No,5,1.33,88.06,7.34,299812,1,196,5000.0,1,0,0,,347.6
Angul,Odisha,2026,751365,10469,761834,Business_Urban,77,3.4,No,5,1.37,10.11,0.66,2590236,0,0,,0,2,0,275611,
Nayagarh,Odisha,2026,1119174,0,1119174,Business_Urban,19,2.4,No,0,0.0,1.7,0.0,2686018,1,34,5000.0,1,0,0,,32916.9
Puri Rural,Odisha,2026,69728,0,69728,Business_Urban,53,1.5,No,3,0.0,76.01,4.3,104592,5,215,2280.0,2,0,0,,324.3
Rayagada,Odisha,2026,87810,303,88113,Hill_Station,51,2.9,Yes,1,0.34,57.88,1.13,255528,2,164,4250.0,2,2,1,915379,537.3
Gajapati,Odisha,2026,586624,0,586624,Wildlife,85,1.4,No,4,0.0,14.49,0.68,821274,2,5,1150.0,0,0,0,,117324.8
Kandhamal,Odisha,2026,943156,8022,951178,Nature_Eco,37,1.5,Yes,3,0.84,3.89,0.32,1426767,0,0,,0,3,1,1578477,
Boudh,Odisha,2026,165409,0,165409,Business_Urban,40,2.4,Yes,6,0.0,24.18,3.63,396982,5,205,3240.0,2,1,0,152157,806.9
Sonepur,Odisha,2026,149656,3693,153349,Religious,87,2.6,No,6,2.41,56.73,3.91,398707,1,214,12000.0,1,0,0,,716.6
Bargarh,Odisha,2026,441275,3988,445263,Religious,81,4.0,No,5,0.9,18.19,1.12,1781052,1,10,2000.0,0,0,0,,44526.3
Jharsuguda,Odisha,2026,461757,6724,468481,Business_Urban,53,3.6,No,0,1.44,11.31,0.0,1686532,2,324,2750.0,1,1,0,98789,1445.9
Deogarh,Odisha,2026,372411,1101,373512,Beach,86,4.2,Yes,7,0.29,23.02,1.87,1568750,1,231,12000.0,1,2,0,3465223,1616.9
Nuapada,Odisha,2026,425422,704,426126,Heritage,66,2.9,Yes,6,0.17,15.49,1.41,1235765,2,32,1700.0,1,1,1,146359,13316.4
Malkangiri,Odisha,2026,623846,6223,630069,Hill_Station,34,3.8,No,1,0.99,5.4,0.16,2394262,0,0,,0,0,0,,
Nabarangpur,Odisha,2026,744833,10204,755037,Heritage,12,2.4,Yes,4,1.35,1.59,0.53,1812089,2,55,7100.0,1,3,1,307888,13727.9
Visakhapatnam,Andhra Pradesh,2026,465743,9864,475607,Hill_Station,53,2.4,No,7,2.07,11.14,1.47,1141457,3,281,2566.6666666666665,1,2,0,1255116,1692.6
Tirupati,Andhra Pradesh,2026,7235576,65515,7301091,Heritage,554,3.9,Yes,41,0.9,7.59,0.56,28474255,5,296,3240.0,3,1,0,885742,24665.8
Krishna,Andhra Pradesh,2026,508238,6472,514710,Heritage,104,1.3,Yes,3,1.26,20.21,0.58,669123,3,296,6766.666666666667,2,5,0,1252314,1738.9
Guntur,Andhra Pradesh,2026,188534,11999,200533,Religious,19,2.8,No,5,5.98,9.47,2.49,561492,2,417,8500.0,2,2,0,1354335,480.9
East Godavari,Andhra Pradesh,2026,413710,2518,416228,Business_Urban,74,4.4,No,2,0.6,17.78,0.48,1831403,4,562,5425.0,2,6,3,746270,740.6
West Godavari,Andhra Pradesh,2026,941567,7703,949270,Nature_Eco,54,2.9,Yes,1,0.81,5.69,0.11,2752883,5,332,4640.0,2,4,0,2692938,2859.2
Prakasam,Andhra Pradesh,2026,917781,5156,922937,Beach,106,4.5,No,7,0.56,11.49,0.76,4153216,3,351,7333.333333333333,2,4,1,808181,2629.5
Nellore,Andhra Pradesh,2026,420714,3792,424506,Business_Urban,82,2.8,No,2,0.89,19.32,0.47,1188617,9,820,7166.666666666667,7,2,0,775867,517.7
Kurnool,Andhra Pradesh,2026,141215,7915,149130,Wildlife,85,4.3,No,0,5.31,57.0,0.0,641259,4,420,4825.0,2,1,0,162515,355.1
Anantapur,Andhra Pradesh,2026,204187,6658,210845,Business_Urban,17,3.4,No,4,3.16,8.06,1.9,716873,6,911,5466.666666666667,4,2,1,1364566,231.4
Kadapa,Andhra Pradesh,2026,114507,0,114507,Business_Urban,41,2.8,Yes,6,0.0,35.81,5.24,320620,6,628,4400.0,4,6,1,2106590,182.3
Chittoor,Andhra Pradesh,2026,238176,0,238176,Hill_Station,53,1.3,No,5,0.0,22.25,2.1,309629,5,107,3340.0,1,2,0,285707,2225.9
Srikakulam,Andhra Pradesh,2026,819268,5219,824487,Nature_Eco,54,2.8,Yes,7,0.63,6.55,0.85,2308564,2,271,6600.0,1,3,0,243888,3042.4
Vizianagaram,Andhra Pradesh,2026,154174,2971,157145,Nature_Eco,91,1.2,No,6,1.89,57.91,3.82,188574,3,277,4566.666666666667,2,1,0,49033,567.3
Hyderabad,Telangana,2026,8690700,353758,9044458,Religious,68,3.7,Yes,0,3.91,0.75,0.0,33464495,9,1182,4000.0,5,8,0,1861180,7651.8
Warangal,Telangana,2026,1032774,0,1032774,Beach,82,2.2,Yes,0,0.0,7.94,0.0,2272103,2,116,7100.0,2,9,0,987611,8903.2
Ranga Reddy,Telangana,2026,454947,7035,461982,Heritage,34,4.1,No,0,1.52,7.36,0.0,1894126,8,474,3725.0,3,6,1,1758387,974.6
Medchal-Malkajgiri,Telangana,2026,203282,4257,207539,Religious,69,3.2,No,0,2.05,33.25,0.0,664125,7,289,4171.428571428572,5,2,0,754538,718.1
Nalgonda,Telangana,2026,841098,7520,848618,Nature_Eco,96,1.6,No,3,0.89,11.31,0.35,1357789,6,232,5233.333333333333,2,5,1,1858683,3657.8
Khammam,Telangana,2026,715266,9384,724650,Hill_Station,28,3.7,No,8,1.29,3.86,1.1,2681205,2,152,4500.0,1,2,0,262918,4767.4
Karimnagar,Telangana,2026,543059,5286,548345,Heritage,34,4.1,No,8,0.96,6.2,1.46,2248214,8,742,6337.5,5,7,0,2393972,739.0
Nizamabad,Telangana,2026,722689,0,722689,Business_Urban,68,2.6,No,6,0.0,9.41,0.83,1878991,8,721,4500.0,4,7,0,1688975,1002.3
Mahabubnagar,Telangana,2026,1021912,2847,1024759,Nature_Eco,109,3.0,No,2,0.28,10.64,0.2,3074277,3,288,5100.0,1,6,1,1520939,3558.2
Adilabad,Telangana,2026,105295,4468,109763,Religious,68,3.6,Yes,8,4.07,61.95,7.29,395147,9,1112,4644.444444444444,5,5,0,677239,98.7
Patna,Bihar,2026,1111457,11798,1123255,Hill_Station,20,1.4,Yes,8,1.05,1.78,0.71,1572557,1,23,3500.0,0,1,0,44579,48837.2
Gaya,Bihar,2026,4463149,384342,4847491,Nature_Eco,647,4.1,Yes,30,7.93,13.35,0.62,19874713,1,206,12000.0,1,4,0,693987,23531.5
Nalanda,Bihar,2026,686584,11199,697783,Religious,38,1.9,No,6,1.6,5.45,0.86,1325788,5,58,2040.0,1,7,0,2540786,12030.7
Vaishali,Bihar,2026,555955,6734,562689,Hill_Station,38,3.5,No,3,1.2,6.75,0.53,1969412,2,91,7750.0,2,5,1,7471383,6183.4
Bhagalpur,Bihar,2026,1093318,6920,1100238,Wildlife,61,1.2,Yes,5,0.63,5.54,0.45,1320286,9,611,4411.111111111111,4,3,0,390774,1800.7
Muzaffarpur,Bihar,2026,1067218,1242,1068460,Wildlife,58,3.0,No,3,0.12,5.43,0.28,3205380,3,274,2233.3333333333335,1,8,2,1829234,3899.5
Darbhanga,Bihar,2026,434672,8330,443002,Heritage,32,2.0,No,7,1.88,7.22,1.58,886004,6,91,2633.3333333333335,1,2,0,658879,4868.2
Purnia,Bihar,2026,446935,4858,451793,Beach,84,4.1,No,7,1.08,18.59,1.55,1852351,5,318,5100.0,3,0,0,,1420.7
Rohtas,Bihar,2026,391132,0,391132,Hill_Station,74,3.9,No,5,0.0,18.92,1.28,1525415,2,36,2500.0,0,5,0,1361164,10864.8
Bhojpur,Bihar,2026,968459,1977,970436,Beach,68,3.6,No,5,0.2,7.01,0.52,3493570,1,293,5000.0,1,2,1,779402,3312.1
Saran,Bihar,2026,882725,6411,889136,Hill_Station,39,3.0,No,2,0.72,4.39,0.22,2667408,2,320,4150.0,1,1,0,132071,2778.6
West Champaran,Bihar,2026,521898,5039,526937,Heritage,20,3.1,No,4,0.96,3.8,0.76,1633505,5,38,1700.0,0,5,0,613559,13866.8
East Champaran,Bihar,2026,981993,10431,992424,Wildlife,16,2.5,Yes,8,1.05,1.61,0.81,2481060,3,189,4566.666666666667,2,5,0,1789206,5250.9
Munger,Bihar,2026,796696,0,796696,Nature_Eco,41,2.4,No,3,0.0,5.15,0.38,1912070,3,275,5000.0,2,3,0,331607,2897.1
Begusarai,Bihar,2026,565386,444,565830,Beach,58,3.5,No,8,0.08,10.25,1.41,1980405,6,151,2783.3333333333335,1,4,1,1500057,3747.2
Amritsar,Punjab,2026,2684127,72795,2756922,Wildlife,499,1.3,Yes,20,2.64,18.1,0.73,3583999,3,195,5000.0,1,0,0,,14138.1
Ludhiana,Punjab,2026,282512,8606,291118,Business_Urban,104,2.7,No,1,2.96,35.72,0.34,786019,2,274,9750.0,2,3,0,286482,1062.5
Jalandhar,Punjab,2026,176493,2153,178646,Heritage,87,2.3,No,2,1.21,48.7,1.12,410886,3,449,8166.666666666667,2,2,0,609855,397.9
Patiala,Punjab,2026,408995,6280,415275,Nature_Eco,63,2.5,Yes,4,1.51,15.17,0.96,1038188,3,374,8166.666666666667,2,2,1,1250750,1110.4
Bathinda,Punjab,2026,731921,5852,737773,Heritage,47,4.0,No,0,0.79,6.37,0.0,2951092,4,238,7250.0,3,8,0,1749456,3099.9
Hoshiarpur,Punjab,2026,1111068,9174,1120242,Beach,75,3.1,No,2,0.82,6.69,0.18,3472750,4,762,8375.0,3,4,0,381472,1470.1
Gurdaspur,Punjab,2026,890422,1267,891689,Religious,52,2.6,No,7,0.14,5.83,0.79,2318391,3,376,7666.666666666667,3,3,0,431375,2371.5
Pathankot,Punjab,2026,570091,5765,575856,Business_Urban,26,3.9,Yes,3,1.0,4.52,0.52,2245838,6,529,2716.6666666666665,3,6,0,1703202,1088.6
Firozpur,Punjab,2026,723809,5124,728933,Religious,52,3.9,No,6,0.7,7.13,0.82,2842839,7,1008,4242.857142857143,5,6,0,3023926,723.1
Faridkot,Punjab,2026,641225,0,641225,Business_Urban,98,3.8,No,0,0.0,15.28,0.0,2436655,6,457,5700.0,4,3,0,1712858,1403.1
Mansa,Punjab,2026,821635,10042,831677,Business_Urban,97,2.4,Yes,1,1.21,11.66,0.12,1996025,9,667,2922.222222222222,2,5,0,667487,1246.9
Rupnagar,Punjab,2026,182558,0,182558,Hill_Station,86,1.5,Yes,0,0.0,47.11,0.0,273837,5,203,2960.0,2,5,0,616282,899.3
SAS Nagar,Punjab,2026,1060852,1868,1062720,Religious,70,2.1,No,2,0.18,6.59,0.19,2231712,2,258,2150.0,1,4,0,579751,4119.1
Kamrup Metropolitan,Assam,2026,417274,7110,424384,Nature_Eco,27,2.8,Yes,2,1.68,6.36,0.47,1188275,6,330,3316.6666666666665,2,3,0,297039,1286.0
Kamrup,Assam,2026,622065,0,622065,Business_Urban,87,3.0,No,2,0.0,13.99,0.32,1866195,5,300,3100.0,2,3,0,1589263,2073.6
Golaghat,Assam,2026,860991,2922,863913,Beach,98,3.3,No,3,0.34,11.34,0.35,2850913,5,383,4280.0,2,4,0,535201,2255.6
Jorhat,Assam,2026,602737,10826,613563,Wildlife,76,4.3,No,7,1.76,12.39,1.14,2638321,3,312,6066.666666666667,2,4,0,1228821,1966.5
Dibrugarh,Assam,2026,175741,695,176436,Business_Urban,97,1.8,No,5,0.39,54.98,2.83,317585,8,881,3325.0,5,0,0,,200.3
Sonitpur,Assam,2026,267482,1754,269236,Wildlife,64,1.5,Yes,0,0.65,23.77,0.0,403854,0,0,,0,7,0,945525,
Nagaon,Assam,2026,588801,10003,598804,Nature_Eco,30,3.6,No,4,1.67,5.01,0.67,2155694,5,555,7160.0,4,6,0,2059578,1078.9
Cachar,Assam,2026,105644,0,105644,Hill_Station,19,2.3,No,8,0.0,17.98,7.57,242981,2,29,2350.0,0,3,0,780608,3642.9
Sivasagar,Assam,2026,669398,3835,673233,Beach,95,3.3,No,0,0.57,14.11,0.0,2221669,3,307,3333.3333333333335,1,5,0,763264,2192.9
Tinsukia,Assam,2026,1002239,5372,1007611,Wildlife,58,3.3,Yes,0,0.53,5.76,0.0,3325116,1,12,800.0,0,5,1,591557,83967.6
Darrang,Assam,2026,376141,2147,378288,Hill_Station,113,2.0,No,1,0.57,29.87,0.26,756576,9,101,1644.4444444444443,0,2,0,263569,3745.4
Dhubri,Assam,2026,648911,4468,653379,Business_Urban,96,3.7,No,8,0.68,14.69,1.22,2417502,3,135,7666.666666666667,3,5,1,927591,4839.8
Barpeta,Assam,2026,703977,1601,705578,Beach,104,1.9,Yes,8,0.23,14.74,1.13,1340598,9,527,3855.5555555555557,3,4,0,1464620,1338.9
Srinagar,Jammu & Kashmir,2026,7778630,429450,8208080,Beach,546,2.75,Yes,8,5.23,6.65,0.1,22572220,6,639,6583.333333333333,4,5,0,879573,12845.2
Jammu,Jammu & Kashmir,2026,1064901,4906,1069807,Beach,105,2.4,Yes,6,0.46,9.81,0.56,2567537,5,145,4200.0,2,3,0,315810,7378.0
Anantnag,Jammu & Kashmir,2026,193716,0,193716,Heritage,83,2.1,No,0,0.0,42.85,0.0,406804,1,194,3500.0,1,4,1,1444940,998.5
Baramulla,Jammu & Kashmir,2026,1021067,0,1021067,Wildlife,111,2.6,Yes,0,0.0,10.87,0.0,2654774,3,240,2900.0,1,1,0,152157,4254.4
Budgam,Jammu & Kashmir,2026,554031,0,554031,Hill_Station,18,3.3,No,4,0.0,3.25,0.72,1828302,3,44,2433.3333333333335,1,4,1,2217186,12591.6
Ganderbal,Jammu & Kashmir,2026,653623,3466,657089,Beach,26,3.3,Yes,2,0.53,3.96,0.3,2168394,4,705,5325.0,3,3,0,509830,932.0
Pulwama,Jammu & Kashmir,2026,1082882,0,1082882,Religious,24,2.4,Yes,6,0.0,2.22,0.55,2598917,2,14,1600.0,0,5,1,9160974,77348.7
Kupwara,Jammu & Kashmir,2026,621564,4716,626280,Heritage,70,2.7,Yes,0,0.75,11.18,0.0,1690956,0,0,,0,2,1,579127,
Udhampur,Jammu & Kashmir,2026,1169195,2465,1171660,Beach,52,3.5,No,4,0.21,4.44,0.34,4100810,3,99,1966.6666666666667,1,4,1,2485531,11834.9
Reasi,Jammu & Kashmir,2026,858928,3730,862658,Nature_Eco,34,2.9,Yes,0,0.43,3.94,0.0,2501708,2,81,3100.0,1,5,0,988572,10650.1
Kathua,Jammu & Kashmir,2026,1063110,3785,1066895,Beach,18,3.6,Yes,3,0.35,1.69,0.28,3840822,6,330,3000.0,3,1,1,733854,3233.0
Ramban,Jammu & Kashmir,2026,349343,3350,352693,Religious,23,3.7,Yes,0,0.95,6.52,0.0,1304964,6,506,5616.666666666667,3,1,0,132071,697.0
Doda,Jammu & Kashmir,2026,315097,520,315617,Wildlife,21,4.0,No,5,0.16,6.65,1.58,1262468,4,606,4675.0,3,3,0,1198438,520.8
Kishtwar,Jammu & Kashmir,2026,749050,8433,757483,Wildlife,17,1.3,No,2,1.11,2.24,0.26,984728,5,539,4700.0,3,3,2,333948,1405.3
Poonch,Jammu & Kashmir,2026,1212399,1208,1213607,Hill_Station,60,4.2,No,0,0.1,4.94,0.0,5097149,4,239,3325.0,2,2,1,162807,5077.9
Rajouri,Jammu & Kashmir,2026,374746,6744,381490,Heritage,105,3.1,No,4,1.77,27.52,1.05,1182619,3,415,3933.3333333333335,2,7,1,2147562,919.3
Leh,Ladakh,2026,5123942,0,5123942,Wildlife,240,2.0,Yes,10,0.0,4.68,0.2,10247884,25,2202,4040.0,12,0,0,,2326.9
Kargil,Ladakh,2026,1034785,11077,1045862,Business_Urban,40,3.3,No,0,1.06,3.82,0.0,3451345,29,1881,5144.827586206897,15,0,0,,556.0
New Delhi,Delhi,2026,9532782,380704,9913486,Business_Urban,370,1.6,Yes,15,3.84,3.73,0.15,15861578,9,840,6522.222222222223,5,9,0,2734803,11801.8
Central Delhi,Delhi,2026,851716,9529,861245,Nature_Eco,104,4.0,Yes,7,1.11,12.08,0.81,3444980,5,457,4340.0,2,9,0,1451090,1884.6
South Delhi,Delhi,2026,125086,5990,131076,Wildlife,34,3.3,Yes,7,4.57,25.94,5.34,432551,3,315,4566.666666666667,2,8,0,1972853,416.1
North Delhi,Delhi,2026,505697,8084,513781,Nature_Eco,36,2.4,No,4,1.57,7.01,0.78,1233074,13,1311,4700.0,6,11,1,1937555,391.9
East Delhi,Delhi,2026,804024,7855,811879,Hill_Station,71,3.1,No,6,0.97,8.75,0.74,2516825,12,752,3841.6666666666665,6,9,3,3791184,1079.6
West Delhi,Delhi,2026,744209,9074,753283,Business_Urban,104,3.3,No,3,1.2,13.81,0.4,2485834,9,616,3166.6666666666665,4,14,0,2973327,1222.9
East Khasi Hills,Meghalaya,2026,517143,5004,522147,Business_Urban,89,3.7,Yes,6,0.96,17.05,1.15,1931944,11,838,4818.181818181818,7,0,0,,623.1
West Khasi Hills,Meghalaya,2026,874659,6668,881327,Religious,84,1.6,No,1,0.76,9.53,0.11,1410123,20,877,3225.0,8,0,0,,1004.9
Ri-Bhoi,Meghalaya,2026,165674,0,165674,Nature_Eco,102,3.1,Yes,0,0.0,61.57,0.0,513589,15,917,3466.6666666666665,5,0,0,,180.7
West Garo Hills,Meghalaya,2026,135414,1438,136852,Hill_Station,25,3.5,No,7,1.05,18.27,5.12,478982,9,604,2488.8888888888887,3,0,0,,226.6
East Jaintia Hills,Meghalaya,2026,894476,0,894476,Heritage,27,4.4,No,2,0.0,3.02,0.22,3935694,8,633,3487.5,4,0,0,,1413.1
East Sikkim,Sikkim,2026,1123512,8959,1132471,Religious,99,2.1,No,6,0.79,8.74,0.53,2378189,17,1301,3300.0,7,0,0,,870.5
West Sikkim,Sikkim,2026,617505,11085,628590,Beach,63,2.75,No,6,1.76,10.02,0.95,1728622,13,832,3223.076923076923,5,0,0,,755.5
North Sikkim,Sikkim,2026,510832,1278,512110,Religious,100,1.7,Yes,5,0.25,19.53,0.98,870587,10,1176,4700.0,6,0,0,,435.5
South Sikkim,Sikkim,2026,591091,8597,599688,Religious,99,1.8,Yes,0,1.43,16.51,0.0,1079438,10,335,2710.0,1,0,0,,1790.1
Puducherry,Puducherry,2026,622191,0,622191,Wildlife,25,3.8,Yes,7,0.0,4.02,1.13,2364326,17,1716,4111.764705882353,10,0,0,,362.6
Karaikal,Puducherry,2026,238485,0,238485,Religious,30,2.6,Yes,2,0.0,12.58,0.84,620061,12,991,5083.333333333333,5,0,0,,240.7
Mahe,Puducherry,2026,672008,1434,673442,Nature_Eco,34,3.2,Yes,2,0.21,5.05,0.3,2155014,18,1768,4222.222222222223,10,0,0,,380.9
Yanam,Puducherry,2026,981734,8089,989823,Heritage,63,3.2,No,7,0.82,6.36,0.71,3167434,16,1311,4637.5,8,0,0,,755.0
Chandigarh,Chandigarh,2026,245973,7734,253707,Beach,51,2.8,Yes,5,3.05,20.1,1.97,710380,65,3985,3690.769230769231,26,0,0,,63.7
South Andaman,Andaman and Nicobar,2026,914761,4611,919372,Nature_Eco,104,1.9,No,7,0.5,11.31,0.76,1746807,23,1201,3343.478260869565,10,0,0,,765.5
North and Middle Andaman,Andaman and Nicobar,2026,950956,4099,955055,Heritage,107,2.8,Yes,0,0.43,11.2,0.0,2674154,22,1596,3422.7272727272725,8,0,0,,598.4
Nicobar,Andaman and Nicobar,2026,175991,8072,184063,Wildlife,40,3.1,Yes,3,4.39,21.73,1.63,570595,20,1209,3250.0,7,0,0,,152.2
Kavaratti,Lakshadweep,2026,965889,10138,976027,Heritage,63,1.5,No,6,1.04,6.45,0.61,1464040,36,3758,5144.444444444444,23,0,0,,259.7
Agatti,Lakshadweep,2026,209151,4530,213681,Religious,62,3.4,Yes,4,2.12,29.02,1.87,726515,32,3517,5246.875,20,0,0,,60.8
